0.000000000000000000e+00,0.000000000000000000e+00,3.333099999999999952e-01,0.000000000000000000e+00,0.000000000000000000e+00,0.000000000000000000e+00,1.000000000000000000e+00,0.000000000000000000e+00,6.999999999999999556e-01,-1.500000000000000000e+00,0.000000000000000000e+00,6.999999999999999556e-01,-1.500000000000000000e+00,0.000000000000000000e+00,6.999999999999999556e-01,-1.500000000000000000e+00,0.000000000000000000e+00,6.999999999999999556e-01,-1.500000000000000000e+00
-9.380771376148650437e-06,-1.758959586318364059e-06,3.332804524223000331e-01,-8.230192388913633785e-07,5.452620193605478616e-06,-9.673843812062995671e-07,9.999999999843278697e-01,8.595792483748354330e-06,7.000599829386570105e-01,-1.500210078645570766e+00,8.595807625938803841e-06,7.000619775886368634e-01,-1.500217966548094806e+00,6.191538262002845205e-06,7.000469060046379255e-01,-1.500182644595565495e+00,6.191548519416917517e-06,7.000473951542298678e-01,-1.500187374028800313e+00
-2.958269611599138695e-05,-5.015756344312867224e-06,3.332259182597505087e-01,-2.380354743290738080e-06,1.450144142694241384e-05,-2.721629488933975527e-06,9.999999998883174479e-01,2.453280606694320905e-05,7.001620224937773473e-01,-1.500594937146493502e+00,2.453293968168895165e-05,7.001677274163307096e-01,-1.500617328934573003e+00,1.776708404708998110e-05,7.001273705363652011e-01,-1.500522233932849003e+00,1.776715895138183967e-05,7.001288405400957204e-01,-1.500535739804081947e+00
-6.190018665853934691e-05,-9.556170825250940738e-06,3.331498433033712736e-01,-4.598842420768646032e-06,2.569816263656706935e-05,-5.095444261542404215e-06,9.999999996462457519e-01,4.675827675749089573e-05,7.002913197432232284e-01,-1.501126580046284520e+00,4.675876256815651055e-05,7.003022408172541180e-01,-1.501169018492913398e+00,3.408732812309309590e-05,7.002301519715369293e-01,-1.500998225300099742e+00,3.408759439090741172e-05,7.002331461305704163e-01,-1.501024027730675225e+00
-1.073027780485943125e-04,-1.520659455433389505e-05,3.330550046585946666e-01,-7.415529799606912423e-06,3.799672164923782400e-05,-7.922290303183278048e-06,9.999999992192482035e-01,7.437237616732581642e-05,7.004361921256180290e-01,-1.501783080567303141e+00,7.437359210697945522e-05,7.004536994740633293e-01,-1.501850194721296994e+00,5.466396362524214309e-05,7.003461046041944416e-01,-1.501594003256371268e+00,5.466462879365570408e-05,7.003512907623691275e-01,-1.501635252514317287e+00
-1.664898080703955342e-04,-2.183059288178774122e-05,3.329435766505514094e-01,-1.077117137148376837e-05,5.066242937495166746e-05,-1.104091012034831679e-05,9.999999985976991690e-01,1.066098542208602070e-04,7.005875672867151183e-01,-1.502547492266082862e+00,1.066123138871039868e-04,7.006129621348716752e-01,-1.502643158414356250e+00,7.913045992464931913e-05,7.004679047835254968e-01,-1.502296280014765006e+00,7.913181099570081002e-05,7.004761339283603894e-01,-1.502355900209919826e+00
-2.399504649698054202e-04,-2.931908189627357447e-05,3.328172259650603593e-01,-1.461153764027227615e-05,6.319538163644948699e-05,-1.429402031938062397e-05,9.999999977942638507e-01,1.428069754422546262e-04,7.007385337007989712e-01,-1.503406990089282358e+00,1.428113050244863669e-04,7.007730952270809777e-01,-1.503534445111972540e+00,1.072124824214034056e-04,7.005897943848731213e-01,-1.503094641726785419e+00,1.072148779418361268e-04,7.006021411371160523e-01,-1.503175431144751606e+00
-3.280286712312419323e-04,-3.758660534280170519e-05,3.326771866918146192e-01,-1.888276735600370368e-05,7.526798376444038935e-05,-1.753476416634867354e-05,9.999999968353519009e-01,1.823926930722908810e-04,7.008839261835195789e-01,-1.504352157817766100e+00,1.823996017663073298e-04,7.009289494593277103e-01,-1.504514118199286044e+00,1.387031447533941162e-04,7.007073300622599366e-01,-1.503981179601214579e+00,1.387070046700582433e-04,7.007251141155727003e-01,-1.504085895618441970e+00
-4.309759089883376704e-04,-4.656984891425541373e-05,3.325243223678919779e-01,-2.352836068704466672e-05,8.667956222904093990e-05,-2.063035406482817725e-05,9.999999957537291095e-01,2.248784350204458514e-04,7.010199791347778708e-01,-1.505376422285601423e+00,2.248886852170524700e-04,7.010768053949424372e-01,-1.505575200853347839e+00,1.734437745237142202e-04,7.008171550014605788e-01,-1.504950172600852509e+00,1.734495714186283424e-04,7.008419491604434004e-01,-1.505081602435942578e+00
-5.489902055126516696e-04,-5.622306838766934092e-05,3.323591775802930970e-01,-2.848879823770106222e-05,9.732591836678209697e-05,-2.346225363677379146e-05,9.999999945827883208e-01,2.698447582561988101e-04,7.011440502143599929e-01,-1.506475607466140954e+00,2.698591391401849483e-04,7.012140891227200967e-01,-1.506713214034814730e+00,2.113101071210525149e-04,7.009168006589554523e-01,-1.505997804930400363e+00,2.113183612365503010e-04,7.009504305427826099e-01,-1.506158819708071084e+00
-6.822745203640027218e-04,-6.651336409821979997e-05,3.321820152921217684e-01,-3.370194994862004540e-05,1.071643663498839203e-04,-2.592953338610788348e-05,9.999999933538181729e-01,3.169323090982111317e-04,7.012543292819104490e-01,-1.507647566618304236e+00,3.169516168255380158e-04,7.013390681920788072e-01,-1.507925794360293281e+00,2.521948518051035214e-04,7.010044875328863556e-01,-1.507121990485148055e+00,2.522061313763451773e-04,7.010490130405439002e-01,-1.507315574077923825e+00
-8.310471552444140177e-04,-7.742887385300423078e-05,3.319928550468690953e-01,-3.908972595202776448e-05,1.162067856981825319e-04,-2.795548316539052207e-05,9.999999920932335362e-01,3.658493789425839768e-04,7.013496704542837579e-01,-1.508891862798800831e+00,3.658744154281342491e-04,7.014507000067937703e-01,-1.509212434773426148e+00,2.959986685798260040e-04,7.010789806956106984e-01,-1.508322102095883688e+00,2.960136028024803762e-04,7.011366835675354459e-01,-1.508551418563090385e+00
-9.955633769411485236e-04,-8.895699682970059109e-05,3.317915030730732573e-01,-4.458007161401345600e-05,1.245057075687001252e-04,-2.947492425843172779e-05,9.999999908210873700e-01,4.163295860356914960e-04,7.014294468364398183e-01,-1.510209580454187073e+00,4.163611533565544725e-04,7.015484436460709405e-01,-1.510574157383217431e+00,3.426194062178823641e-04,7.011394705729609989e-01,-1.509598837174549235e+00,3.426386980446336872e-04,7.012128187288487746e-01,-1.509867200839766443e+00
-1.176167490367942096e-03,-1.011032601093601413e-04,3.315775680810162940e-01,-5.008557959261796476e-05,1.321270450459451139e-04,-3.044936878591185210e-05,9.999999895533572269e-01,4.681697837617538986e-04,7.014933186847777113e-01,-1.511603054432792526e+00,4.682087083619458287e-04,7.016320614156356106e-01,-1.512013371679737261e+00,3.919520884848622230e-04,7.011854221522515473e-01,-1.510954116667780012e+00,3.919765457943472065e-04,7.012770439730739991e-01,-1.511265041960348610e+00
-1.373265179336069465e-03,-1.138761987130860846e-04,3.313504898118718733e-01,-5.551813729911605908e-05,1.391597627764271181e-04,-3.086200824972440041e-05,9.999999882999165424e-01,5.212056697838828240e-04,7.015412363098409987e-01,-1.513075745433316799e+00,5.212528287289292742e-04,7.017015886293840321e-01,-1.513533661562567412e+00,4.438768709666332914e-04,7.012165501444825866e-01,-1.512390901688173805e+00,4.439074393168437036e-04,7.013291834725237095e-01,-1.512748080913687287e+00
-1.587367114523975924e-03,-1.273001793015064807e-04,3.311095491554679193e-01,-6.077739389405781029e-05,1.456944811331313332e-04,-3.071232838888563046e-05,9.999999870679896485e-01,5.753217120172619391e-04,7.015732470562061618e-01,-1.514632060466802876e+00,5.753780815062102885e-04,7.017571777435012148e-01,-1.515139664012737253e+00,4.982822900445479063e-04,7.012326759775097118e-01,-1.513913118847410644e+00,4.983201033953198796e-04,7.013691626930987910e-01,-1.514320475763040186e+00
-1.819063818696068941e-03,-1.414053025971941200e-04,3.308538874581795630e-01,-6.576197184413540904e-05,1.518320905604901160e-04,-3.001874928228623370e-05,9.999999858606268832e-01,6.304462620974948589e-04,7.015895168875789789e-01,-1.516277267826285247e+00,6.305129709595867771e-04,7.017990904352356951e-01,-1.516836932860489817e+00,5.550536339716311733e-04,7.012337301344031548e-01,-1.515525534350352421e+00,5.551000669506513975e-04,7.013969772241301914e-01,-1.515987217921283658e+00
-2.069063679903505783e-03,-1.562186480006973318e-04,3.305825084304384598e-01,-7.038043559915311610e-05,1.576591831228406381e-04,-2.881075846527801393e-05,9.999999846800580183e-01,6.865336028001801276e-04,7.015902097727411135e-01,-1.518017426363341915e+00,6.866119798017959611e-04,7.018275603848691535e-01,-1.518631803214874232e+00,6.140745720771142394e-04,7.012196871718444635e-01,-1.517233800381293296e+00,6.141312886538270429e-04,7.014126234304536300e-01,-1.517754139355808052e+00
-2.338154326664244106e-03,-1.717778379682526676e-04,3.302942959867901096e-01,-7.453697532796663030e-05,1.632608060166696460e-04,-2.713037946814639520e-05,9.999999835270453330e-01,7.435829314433458574e-04,7.015755230689099120e-01,-1.519859259483917757e+00,7.436745778764011858e-04,7.018428631397097828e-01,-1.520531344690741804e+00,6.752423250446583413e-04,7.011905703677355772e-01,-1.519044264210282602e+00,6.753113452122739679e-04,7.014161354079261335e-01,-1.519627796159904731e+00
-2.627240109304661980e-03,-1.881279250017788235e-04,3.299880114570769574e-01,-7.813550501313693681e-05,1.687088660293664362e-04,-2.503513635756059169e-05,9.999999824027014927e-01,8.016400116276354345e-04,7.015455696109237360e-01,-1.521810123239436541e+00,8.017468815526947656e-04,7.018451849531064379e-01,-1.522543314152502658e+00,7.384617452535417563e-04,7.011463650957286964e-01,-1.520964002311473440e+00,7.385455135440650853e-04,7.014074806664266637e-01,-1.521615477674655104e+00
-2.937325731618012879e-03,-2.053295784016459134e-04,3.296622983990338263e-01,-8.107595493152336072e-05,1.740595177707508160e-04,-2.259180548160567105e-05,9.999999813097919521e-01,8.608093290018263566e-04,7.015003921240651197e-01,-1.523877941794683499e+00,8.609338286565036908e-04,7.018346624925752009e-01,-1.524676121601864498e+00,8.036729720442186212e-04,7.010870347106566980e-01,-1.523000759191318831e+00,8.037744433168135354e-04,7.013866110767378315e-01,-1.523725196144972704e+00
-3.269501238641473514e-03,-2.234348294499794601e-04,3.293156863352955099e-01,-8.328159260143954952e-05,1.793634767329672138e-04,-1.986066855645287732e-05,9.999999802492365308e-01,9.212082333669173364e-04,7.014400017591867487e-01,-1.526071279473589559e+00,9.213532771208470754e-04,7.018113734504688450e-01,-1.526938740017500518e+00,8.708450498480690060e-04,7.010125212394623384e-01,-1.525162939341965673e+00,8.709677470011214931e-04,7.013534398962604222e-01,-1.525965567787854749e+00
-3.624973710688391901e-03,-2.425110946745431307e-04,3.289465826860359932e-01,-8.467128670491892348e-05,1.846422001985355635e-04,-1.690742274759633463e-05,9.999999792260848563e-01,9.830068779743004938e-04,7.013642682991947375e-01,-1.528399222896049237e+00,9.831759995906062290e-04,7.017752775502920093e-01,-1.529340742838919187e+00,9.399859259614051603e-04,7.009227034779901278e-01,-1.527459633641423231e+00,9.401340369863760062e-04,7.013078324402124419e-01,-1.528345955762413499e+00
-4.005033129613293913e-03,-2.626235821849254542e-04,3.285532761740075913e-01,-8.518562695274233129e-05,1.899175784173241332e-04,-1.378459887329936744e-05,9.999999782423534267e-01,1.046398054480090177e-03,7.012729975649002467e-01,-1.530871496502082429e+00,1.046595476864678378e-03,7.017262636893114580e-01,-1.531892283311786063e+00,1.011158987718738895e-03,7.008173863975210027e-01,-1.529900548335890287e+00,1.011337442001457743e-03,7.012495937303406812e-01,-1.530876323519512416e+00
-4.411061980664317955e-03,-2.838417754193305878e-04,3.281339258159728933e-01,-8.477370151196518598e-05,1.952047434879783329e-04,-1.056280972904131143e-05,9.999999772984771162e-01,1.111635961133762346e-03,7.011659219828927370e-01,-1.533498443927356902e+00,1.111866709710995467e-03,7.016641257039530899e-01,-1.534604168530206536e+00,1.084443038510437066e-03,7.006963334493119255e-01,-1.532496075194600182e+00,1.084657588331741336e-03,7.011784382393065895e-01,-1.533567295797437335e+00
-4.844538272705422276e-03,-3.062485121421806194e-04,3.276865559214925394e-01,-8.339308907358022351e-05,2.005139277041147639e-04,-7.298245000362742319e-06,9.999999763932463370e-01,1.179021399923371911e-03,7.010426500938151673e-01,-1.536291044594929156e+00,1.179291420485617525e-03,7.015885654433138274e-01,-1.537487863567184032e+00,1.159999325058750416e-03,7.005591864652974676e-01,-1.535257245128752279e+00,1.160256664716337012e-03,7.010940131794314301e-01,-1.536430205754637512e+00
-5.307017878564615834e-03,-3.299414967995115133e-04,3.272090517592327608e-01,-8.100137485695967424e-05,2.058615562106831968e-04,-4.035630539557609290e-06,9.999999755217550135e-01,1.248894948049848871e-03,7.009027000140825026e-01,-1.539260938667502909e+00,1.249211253080458788e-03,7.014992303223993586e-01,-1.540555538369199118e+00,1.238057334877973098e-03,7.004054743753065360e-01,-1.538195700095445595e+00,1.238365249047282748e-03,7.009959067143988198e-01,-1.539477079175491259e+00
-5.800139553596672139e-03,-3.549970519699182400e-04,3.266991456685457984e-01,-7.760341176285002194e-05,2.112694409884670831e-04,-8.106178139808208977e-07,9.999999746711379922e-01,1.321617161208612189e-03,7.007455428510946938e-01,-1.542420587125121090e+00,1.321987883320949967e-03,7.013956546189140662e-01,-1.543820020084454736e+00,1.318889093592653982e-03,7.002346608985379195e-01,-1.541323861693025377e+00,1.319256513984831030e-03,7.008835897776116708e-01,-1.542720587459775583e+00
-6.325624015097805995e-03,-3.815105520827203581e-04,3.261544112531669648e-01,-7.320080228071231356e-05,2.167660664310272825e-04,2.343706952350780823e-06,9.999999738243107172e-01,1.397609554502775254e-03,7.005705332677167885e-01,-1.545783155001362985e+00,1.398044132398278301e-03,7.012772910590172604e-01,-1.547294919849090400e+00,1.402833649332268541e-03,7.000460774170249589e-01,-1.544654818722180023e+00,1.403270832145479775e-03,7.007564400947158267e-01,-1.546174157601030164e+00
-6.885270461081873829e-03,-4.095904719379657986e-04,3.255722477473907972e-01,-6.779849586602402676e-05,2.223876446900736208e-04,5.391075697874570172e-06,9.999999729590175468e-01,1.477358514814840294e-03,7.003769369940738843e-01,-1.549362590892840785e+00,1.477867902122046231e-03,7.011435151623506279e-01,-1.550994688504928831e+00,1.490286308144242499e-03,6.998389529089764638e-01,-1.548202411185641614e+00,1.490805022360207214e-03,7.006137403028525057e-01,-1.549852013670817374e+00
-7.480940141407818773e-03,-4.393472701078525141e-04,3.249498754772578435e-01,-6.141934696248541070e-05,2.281763029873080863e-04,8.293618036298425254e-06,9.999999720472267928e-01,1.561407175205934729e-03,7.001639696312866867e-01,-1.553173648182406330e+00,1.562004041508892544e-03,7.009936343006011317e-01,-1.554934570399226335e+00,1.581694366841138654e-03,6.996124565472414680e-01,-1.551981258956063536e+00,1.582308071712888601e-03,7.004546933129963682e-01,-1.553769143195318669e+00
-8.114543024236805374e-03,-4.708773537574570010e-04,3.242843248714470938e-01,-5.411461099654358583e-05,2.341879305735482719e-04,1.103184127823903271e-05,9.999999710529597907e-01,1.650296580319730519e-03,6.999308242970657679e-01,-1.557231990716715364e+00,1.650995455694065969e-03,7.008269006144837165e-01,-1.559130598569612003e+00,1.677549199203805762e-03,6.993656923142461679e-01,-1.556006794986875885e+00,1.678273205849873046e-03,7.002784323063655503e-01,-1.557941284927447878e+00
-8.788057382597769598e-03,-5.043136322997392000e-04,3.235724203077953720e-01,-4.590613421760729457e-05,2.404657357136602775e-04,1.356720900648985879e-05,9.999999699423933741e-01,1.744672356036110596e-03,6.996765686664062622e-01,-1.561553994690590752e+00,1.745490062440360106e-03,7.006424947252264390e-01,-1.563599739245413289e+00,1.778397386155369103e-03,6.990976882489300381e-01,-1.560295265620821548e+00,1.779249223441346263e-03,7.000840404141669415e-01,-1.562385149960014985e+00
-9.503490581908949700e-03,-5.397557707618905621e-04,3.228107812310075375e-01,-3.687101716275860023e-05,2.470368751122802866e-04,1.587510028534153377e-05,9.999999686806452237e-01,1.845178742702729231e-03,6.994002893497291984e-01,-1.566156917218573863e+00,1.846134533267579760e-03,7.004395233600234638e-01,-1.568359612127980807e+00,1.884818868641312869e-03,6.988075235464616952e-01,-1.564863862238344838e+00,1.885818421562212048e-03,6.998705806639082816e-01,-1.567118212281660927e+00
-1.026288866091128529e-02,-5.773068952748207274e-04,3.219958077461618218e-01,-2.709104249483823025e-05,2.538728641635490803e-04,1.793504737353660895e-05,9.999999672464886524e-01,1.952494487423551755e-03,6.991010165337857574e-01,-1.571058703596457384e+00,1.953610385397098071e-03,7.002170322626385390e-01,-1.573428531161781940e+00,1.997438115158376576e-03,6.984943525550921795e-01,-1.569730746317181680e+00,1.998607943723463426e-03,6.996371935440331979e-01,-1.572158935591579265e+00
-1.106830843068697459e-02,-6.170766452697675625e-04,3.211236807261427240e-01,-1.665570596013589210e-05,2.608783783189947618e-04,1.970441138772819389e-05,9.999999656383971036e-01,2.067390108423756197e-03,6.987777669040954320e-01,-1.576277878777541330e+00,2.068691355849501881e-03,6.999740200026906001e-01,-1.578825446021780765e+00,2.116913454759389648e-03,6.981574894644209106e-01,-1.574915037378367133e+00,2.118279134258769722e-03,6.993831135817930589e-01,-1.577526725473347380e+00
-1.192182483669684649e-02,-6.591636457224550431e-04,3.201903511692181792e-01,-5.687966649035654202e-06,2.678289728769295817e-04,2.114515553949376534e-05,9.999999638940847424e-01,2.190685596077696692e-03,6.984295239593540927e-01,-1.581833454289246044e+00,2.192201018664985315e-03,6.997094006087991591e-01,-1.584569704739375196e+00,2.243963631212301905e-03,6.977965064430824427e-01,-1.580436987441316443e+00,2.245554068056676046e-03,6.991077899436001220e-01,-1.583242046662501457e+00
-1.282548142037372857e-02,-7.036834308671714548e-04,3.191915516052117319e-01,5.696184888405758441e-06,2.743400626534899596e-04,2.219640442634778025e-05,9.999999621062007904e-01,2.323306227813767225e-03,6.980552963831426760e-01,-1.587744622399209549e+00,2.325068891770846417e-03,6.994221028254953287e-01,-1.590680957788040528e+00,2.379352510155061801e-03,6.974113709523043214e-01,-1.586317865816537109e+00,2.381200442221086122e-03,6.988110243792803322e-01,-1.589326428388112999e+00
-1.378127909003310121e-02,-7.507327706020182258e-04,3.181227990231287328e-01,1.733820348880286041e-05,2.797913946360505006e-04,2.280919310005204259e-05,9.999999604479505866e-01,2.466215238281803043e-03,6.976541487771751315e-01,-1.594030609640782137e+00,2.468262892266091454e-03,6.991110459489962015e-01,-1.597178750999089569e+00,2.523911982733848501e-03,6.970026043843113861e-01,-1.592580120968679847e+00,2.526054362248822752e-03,6.984931265152213298e-01,-1.595802478677039060e+00
-1.479115102936387656e-02,-8.004325349831388535e-04,3.169794081353245474e-01,2.909978018658776925e-05,2.832509569179959331e-04,2.290897129017848953e-05,9.999999591986377112e-01,2.620491732111368891e-03,6.972251894183898457e-01,-1.600710182355841171e+00,2.622867725964081031e-03,6.987751954482553929e-01,-1.604082346679538196e+00,2.678522758117236544e-03,6.965714401962422864e-01,-1.599247304484835208e+00,2.681001450927293465e-03,6.981550850940986264e-01,-1.602694001868038454e+00
-1.585690811299470329e-02,-8.528965118281124592e-04,3.157565194935392783e-01,4.082170879669656192e-05,2.834011485747791269e-04,2.244746516649165336e-05,9.999999587567434123e-01,2.787234724081205130e-03,6.967676698009929170e-01,-1.607801376875771737e+00,2.789988710781115145e-03,6.984136428843018551e-01,-1.611410196891396973e+00,2.844154507539220934e-03,6.961200080428564529e-01,-1.606344048696610516e+00,2.847016970963192183e-03,6.977988084320563278e-01,-1.610025888321516607e+00
-1.698018785891061005e-02,-9.082256554343897314e-04,3.144491323674679095e-01,5.232851496702680972e-05,2.784358485862202266e-04,2.138301266432067764e-05,9.999999596389849144e-01,2.967566504027766179e-03,6.962811007597629054e-01,-1.615321002365137648e+00,2.970755238652331674e-03,6.980256895078579271e-01,-1.619179461029590428e+00,3.021820171632894677e-03,6.956516344389692685e-01,-1.613896064632736049e+00,3.025120158456687941e-03,6.974273632063465733e-01,-1.617824063420288061e+00
-1.816240118406467485e-02,-9.665200290224021124e-04,3.130521533756278063e-01,6.344800361049168639e-05,2.659496281042799293e-04,1.969646239925996361e-05,9.999999624285970112e-01,3.162611860773089593e-03,6.957653128477279125e-01,-1.623284025475739023e+00,3.166300159449680386e-03,6.976109597974236021e-01,-1.627405443982817612e+00,3.212600030160533277e-03,6.951710544420361959e-01,-1.621929981572152180e+00,3.216398555682591174e-03,6.970452614709521377e-01,-1.626115433202327321e+00
-1.940466219429182182e-02,-1.027860931240532185e-03,3.115604611549117609e-01,7.398574411307388314e-05,2.428026202260432373e-04,1.741513376071604014e-05,9.999999676348547695e-01,3.373450975760505875e-03,6.952206170908243887e-01,-1.631702929717385953e+00,3.377712499196951299e-03,6.971695487500428889e-01,-1.636100817988094702e+00,3.417663377012876251e-03,6.946847413268392168e-01,-1.630473243628934199e+00,3.422029715876373848e-03,6.966588092296075452e-01,-1.634927722899693237e+00
-2.070767732390238827e-02,-1.092323232289327609e-03,3.099690011508861032e-01,8.374942417054042146e-05,2.049873447535288738e-04,1.459932526873392599e-05,9.999999753765407284e-01,3.601131216340066558e-03,6.946480557535684719e-01,-1.640586838407323222e+00,3.606049473546747881e-03,6.967022959152192607e-01,-1.645274851223436086e+00,3.638252056615112577e-03,6.942013115983785010e-01,-1.639553790578015757e+00,3.643265009389072117e-03,6.962765124135742445e-01,-1.644289221750915519e+00
-2.207161640162406610e-02,-1.159957177945843913e-03,3.082729098788347666e-01,9.251778186059430231e-05,1.474892365650616176e-04,1.133874265498216043e-05,9.999999847794088792e-01,3.846667100909989361e-03,6.940497438060929669e-01,-1.649940615606802830e+00,3.852336278324676282e-03,6.962110786133156592e-01,-1.654932403396485618e+00,3.875679934385332925e-03,6.937319840975600949e-01,-1.649199697183089119e+00,3.881429038665175704e-03,6.959094792602387169e-01,-1.654228308703215689e+00
-2.349595496856129312e-02,-1.230833977707567872e-03,3.064676757608758573e-01,1.001191985715840701e-04,6.416557135607865302e-05,7.746489381806859645e-06,9.999999928994587339e-01,4.111049335665603252e-03,6.934292016643138767e-01,-1.659763682426627529e+00,4.117575810396671698e-03,6.956992694845236525e-01,-1.665073044626961707e+00,4.131336576951696697e-03,6.932909455850704283e-01,-1.659438404720496640e+00,4.137924144157868224e-03,6.955718983198521110e-01,-1.664772971788806011e+00
-2.497933487971803687e-02,-1.305025606250074036e-03,3.045493393652854430e-01,1.064150840315450586e-04,-5.239612286888651064e-05,3.962958434545999762e-06,9.999999929573855084e-01,4.395187238811878311e-03,6.927917157500848022e-01,-1.670048820359527619e+00,4.402690976997531390e-03,6.951720602886277689e-01,-1.675689740561654650e+00,4.406653804419019202e-03,6.928957303262487377e-01,-1.670295986592150506e+00,4.414197098223886402e-03,6.952813817305179001e-01,-1.675949974797288133e+00
-2.651931708739753424e-02,-1.382646733107531674e-03,3.025147703275575251e-01,1.114030744132940662e-04,-2.109203666021712477e-04,1.388545008472801430e-07,9.999999715509668707e-01,4.699873388688140079e-03,6.921448871130206904e-01,-1.680780739724207606e+00,4.708490377106484132e-03,6.946371245017366469e-01,-1.686767749489262114e+00,4.703039353476341083e-03,6.925675492485765528e-01,-1.681795696957110842e+00,4.711673950104993368e-03,6.950593789953914969e-01,-1.687783687398716648e+00
-2.811212773135899484e-02,-1.463809159834792697e-03,3.003620107932497563e-01,1.151932268741223870e-04,-4.214953205710346993e-04,-3.560576114592068635e-06,9.999999045297642830e-01,5.025650648082692108e-03,6.914993195325153108e-01,-1.691934648105958949e+00,5.035535048396009260e-03,6.941052261922782129e-01,-1.698282958739443460e+00,5.021772990467499552e-03,6.923317305297576052e-01,-1.693956511278979393e+00,5.031656241715035810e-03,6.949315372619119247e-01,-1.700294417622878473e+00
-2.975230873297790568e-02,-1.548632611115650795e-03,2.980907287400466066e-01,1.180945417325349141e-04,-6.955151777835099844e-04,-6.963346130166193943e-06,9.999997511318833299e-01,5.372666931351158422e-03,6.908694581122946099e-01,-1.703474499219210569e+00,5.383993917468263800e-03,6.935911203395491720e-01,-1.710200278739344881e+00,5.363858674112562640e-03,6.922180856566731988e-01,-1.706790838847518366e+00,5.375174229428512571e-03,6.949281100202149286e-01,-1.713496255541490765e+00
-3.143235736469709302e-02,-1.637254079945962924e-03,2.957027614946347582e-01,1.206778106303996894e-04,-1.045594517654262721e-03,-9.901858916137805966e-06,9.999994460353085479e-01,5.740576944640003211e-03,6.902745133467520500e-01,-1.715351011065916476e+00,5.753546333359072125e-03,6.931145215223206701e-01,-1.722471775813542827e+00,5.729915295216788870e-03,6.922613316758162716e-01,-1.720301904464939025e+00,5.742878851849116291e-03,6.950843988146337971e-01,-1.727394545162987960e+00
-3.314211547950080688e-02,-1.729802286993750932e-03,2.932028585730828141e-01,1.237961063323046338e-04,-1.485273171316244022e-03,-1.221093278984180219e-05,9.999988892438950172e-01,6.128368993252411231e-03,6.897400696598808834e-01,-1.727499609252391322e+00,6.143208952333839221e-03,6.927017015711258718e-01,-1.735034505168599139e+00,6.120025830115064652e-03,6.925018664318151052e-01,-1.734480109206956833e+00,6.134891647325469224e-03,6.954415089565540997e-01,-1.741982152271285944e+00
-3.486812535516166378e-02,-1.826459985194698286e-03,2.905995769085007452e-01,1.287151723885817658e-04,-2.028582822355786026e-03,-1.375761739639148021e-05,9.999979340452984644e-01,6.534338294848023379e-03,6.892996841305670808e-01,-1.739837879615661720e+00,6.551311232807570731e-03,6.923872357034577263e-01,-1.747808391278698803e+00,6.533638853089334883e-03,6.929864774795482241e-01,-1.749298445295163873e+00,6.550708866791050966e-03,6.960471533944816436e-01,-1.757235215580199572e+00
-3.659278157181503066e-02,-1.927394537652277759e-03,2.879064247287346778e-01,1.370362855053159430e-04,-2.689328109680393184e-03,-1.444185160283294101e-05,9.999963742568309666e-01,6.955932772233900697e-03,6.889970671922692746e-01,-1.752263213862168545e+00,6.975340262240797666e-03,6.922160660523136722e-01,-1.760693454848556883e+00,6.969410907949042874e-03,6.937694009540710249e-01,-1.764706949218092014e+00,6.989043670693813326e-03,6.969565830965285258e-01,-1.773107178583866350e+00
-3.829320979735544028e-02,-2.032787401584495567e-03,2.851433015076994537e-01,1.507576422751219286e-04,-3.479907735630950651e-03,-1.422105357390463895e-05,9.999939336376227894e-01,7.389710051944097316e-03,6.888886725642179298e-01,-1.764650163981497766e+00,7.411898842899739687e-03,6.922461881363048963e-01,-1.773567355704950499e+00,7.425069396607321057e-03,6.949134983004665589e-01,-1.780625130533788791e+00,7.447690505723882776e-03,6.982338221286381597e-01,-1.789521310598102488e+00
-3.994000232949361517e-02,-2.142831970175518904e-03,2.823382477718207606e-01,1.722318718584887637e-04,-4.409705714075528617e-03,-1.310149458251996884e-05,9.999902622826126741e-01,7.831310166333130610e-03,6.890463046330878027e-01,-1.776847663988171622e+00,7.856677643841443112e-03,6.925513295595148167e-01,-1.786282498140938868e+00,7.897354661456404065e-03,6.964914572342751908e-01,-1.796932756733823799e+00,7.923467259026789611e-03,6.999529566822974003e-01,-1.806361369546449103e+00
-4.149555481703146725e-02,-2.257656223728616608e-03,2.795295940088585174e-01,2.039755198187232334e-04,-5.482742881224036968e-03,-1.112891369061396143e-05,9.999849487870470233e-01,8.275411741326472309e-03,6.895602639007739620e-01,-1.788676614849129543e+00,8.304407207780539063e-03,6.932240280020832701e-01,-1.798663008969328736e+00,8.381896384145579720e-03,6.985873480845181671e-01,-1.813458314945889605e+00,8.412087470152200541e-03,7.021996679278055264e-01,-1.823459427143754308e+00
-4.291198454793747341e-02,-2.377351868690606631e-03,2.767685495854446676e-01,2.485901035375292210e-04,-6.694525608001537786e-03,-8.404016097604810932e-06,9.999775604778422533e-01,8.715884306789540084e-03,6.905425801716192913e-01,-1.799927006803751395e+00,8.749007545949044271e-03,6.943790288102360542e-01,-1.810501870005291059e+00,8.873145200445003294e-03,7.012983548646937182e-01,-1.829964293443285372e+00,8.908087456293671547e-03,7.050731809520478510e-01,-1.840581009805540846e+00
-4.412843256710521217e-02,-2.501892633775362838e-03,2.741222661698654584e-01,3.084544522552372186e-04,-8.027910489546997638e-03,-5.062132947724137330e-06,9.999677282209649132e-01,9.145878514367879533e-03,6.921306713262256327e-01,-1.810355337572197909e+00,9.183669094044838097e-03,6.961569562498670649e-01,-1.821557566425452857e+00,9.364251008179804575e-03,7.047369193028106826e-01,-1.846129249549492091e+00,9.404691597525497576e-03,7.086885939980940297e-01,-1.857406322746145921e+00
-4.506760904874646673e-02,-2.631073108472783105e-03,2.716773178157780855e-01,3.853780782441133595e-04,-9.447988034093933452e-03,-1.271444321960714258e-06,9.999552925027337391e-01,9.558070208838474399e-03,6.944912454136762392e-01,-1.819681633866556458e+00,9.601084482789247129e-03,6.987282869112078076e-01,-1.831550412597734434e+00,9.846929041939110963e-03,7.090330647228836325e-01,-1.861526023762773097e+00,9.893657871415672406e-03,7.131795212481339963e-01,-1.873507585270274278e+00
-4.563122950729687349e-02,-2.764417311427844366e-03,2.695434691314373965e-01,4.801443478902517651e-04,-1.089607657253608038e-02,2.776303777860262373e-06,9.999405207156187858e-01,9.944965186040946592e-03,6.978249694093077160e-01,-1.827585881353644082e+00,9.993735479037643005e-03,7.022980713286968157e-01,-1.840158024485343047e+00,1.031129190437634659e-02,7.143367300811926945e-01,-1.875595820240397282e+00,1.036507795849939302e-02,7.187008519894245717e-01,-1.888321955356409232e+00
-4.569393317554895639e-02,-2.901052982097857350e-03,2.678574038075939856e-01,5.919312936242981287e-04,-1.228325353935857782e-02,6.967439954102913945e-06,9.999243827666601803e-01,1.029912103087355681e-02,7.023724451751408582e-01,-1.833703086005940897e+00,1.035408949468505542e-02,7.071120489735956971e-01,-1.847009005668345694e+00,1.074580223813587435e-02,7.208191288828672549e-01,-1.887618002992665689e+00,1.080728605136859963e-02,7.254308238320754665e-01,-1.901120053719344449e+00
-4.509506116107731694e-02,-3.039485427523760507e-03,2.667857856809288108e-01,7.175734652264633600e-04,-1.348435303102656427e-02,1.139894197445583951e-05,9.999088244343684595e-01,1.061326323060907129e-02,7.084229208234362751e-01,-1.837615551610536135e+00,1.067468159658057497e-02,7.134652857657549641e-01,-1.851673185747347405e+00,1.113723588499598328e-02,7.286718459919825364e-01,-1.896676264822038105e+00,1.120676552669745522e-02,7.335706300957833825e-01,-1.910970351276724655e+00
-4.362764432523603964e-02,-3.177293648799561689e-03,2.665264553152164595e-01,8.507632838558553106e-04,-1.433413911315903171e-02,1.660150434379157556e-05,9.998968988761338661e-01,1.088018630286301247e-02,7.163270005471591428e-01,-1.838839796776115199e+00,1.094797594756713802e-02,7.217145913087010811e-01,-1.853645951201988051e+00,1.147093064974947715e-02,7.381006571200764421e-01,-1.901622589946651676e+00,1.154834111574906154e-02,7.433383362991321519e-01,-1.916701260685462316e+00
-4.102478565397098959e-02,-3.310679549704697525e-03,2.673055566659469084e-01,9.812871939291480886e-04,-1.462918527675028703e-02,2.382385537025523599e-05,9.998925059455168185e-01,1.109226214717873651e-02,7.265121568317131073e-01,-1.836802380144111346e+00,1.116583511828663985e-02,7.322930411793002747e-01,-1.852320785285819893e+00,1.173138881420795511e-02,7.493089540673187887e-01,-1.901044249702622757e+00,1.181574642463478417e-02,7.549510041175040431e-01,-1.916866080546121509e+00
-3.694745618672185677e-02,-3.433479234356514361e-03,2.693665567206324218e-01,1.093906703655872894e-03,-1.414304025809014036e-02,3.553267211461419266e-05,9.998993831970349744e-01,1.123987283220074379e-02,7.394879771562563597e-01,-1.830791798575307272e+00,1.131790569861603792e-02,7.457123139546655288e-01,-1.846934831760997930e+00,1.190351705718795290e-02,7.624603743964273317e-01,-1.893249630991192145e+00,1.199286993436333819e-02,7.685830947758893750e-01,-1.909725033949361217e+00
-3.098110698709501815e-02,-3.534524422134923197e-03,2.729462225668807251e-01,1.165519153563310348e-03,-1.266330801766612536e-02,5.653635248811569717e-05,9.999191362299220120e-01,1.130719181258772049e-02,7.558161003097805253e-01,-1.819873481657696246e+00,1.138730235396416719e-02,7.625245777245351908e-01,-1.836467609818180913e+00,1.197449253994615180e-02,7.776113772840046456e-01,-1.876297851090736657e+00,1.206565511491844260e-02,7.842893050511513531e-01,-1.893264103806434839e+00
-2.259937651428792216e-02,-3.598447561003442763e-03,2.782465750311004515e-01,1.169236082420345001e-03,-1.000824046324982376e-02,9.543321519299880233e-05,9.999492281622676115e-01,1.127055952914232488e-02,7.761402729095681075e-01,-1.802822232951547310e+00,1.134920093445742836e-02,7.833499636865803861e-01,-1.819579810459762470e+00,1.193886699134243112e-02,7.946689188211248922e-01,-1.847950474133342347e+00,1.202759928240003384e-02,8.019587778075020212e-01,-1.865159564171031903e+00
-1.112997667219513091e-02,-3.607713763103372398e-03,2.853992540268262545e-01,1.082450933343650189e-03,-6.059943227934902650e-03,1.629861194687245464e-04,9.999810392320326313e-01,1.110150816017100098e-02,8.011465523402707678e-01,-1.777921026878794164e+00,1.117435070474977372e-02,8.088304287324290520e-01,-1.794433002914132214e+00,1.179860032113346120e-02,8.133305422428800391e-01,-1.805574216763176087e+00,1.188028975784010538e-02,8.212467648627967964e-01,-1.822697814072173905e+00
4.130661620209336894e-03,-3.572341823209154200e-03,2.944892444107722884e-01,9.304726293198146893e-04,-1.060499532361317693e-03,2.002221243900629828e-04,9.999989847357489969e-01,1.089662887472968127e-02,8.308771267946153394e-01,-1.741400593477350878e+00,1.096147109282310204e-02,8.389200200068026581e-01,-1.757420733509951427e+00,1.149847016666684374e-02,8.330946584181796455e-01,-1.746063610316503922e+00,1.156945124873090883e-02,8.414552734033162729e-01,-1.762755213156786960e+00
2.346554336179865197e-02,-3.508215133120207423e-03,3.054235173465690845e-01,7.409783505667100938e-04,4.154314771695071656e-03,1.195469231060761943e-04,9.999910891244955247e-01,1.077283872408012037e-02,8.630623005860387220e-01,-1.687257300650720326e+00,1.082961260463672151e-02,8.712535527326880080e-01,-1.702799801320816320e+00,1.096654676546901519e-02,8.525934145364575389e-01,-1.666851518620951378e+00,1.102438538205413425e-02,8.609678116174205309e-01,-1.682769392485871096e+00
4.703857410798954752e-02,-3.425799487668222416e-03,3.179203249548022137e-01,5.154792226279805061e-04,8.587522812235062405e-03,-2.332729359775286893e-05,9.999629934097350459e-01,1.065395921745758770e-02,8.938554072221926994e-01,-1.608719901150365894e+00,1.070229454915936664e-02,9.020753243222290330e-01,-1.623810450133851724e+00,1.034740391904636313e-02,8.700337116666210235e-01,-1.565366488260802935e+00,1.039229991752439741e-02,8.781733808984081291e-01,-1.580393951121622065e+00
7.493565378637830066e-02,-3.349348061415962849e-03,3.316284274630021955e-01,2.656356894051449644e-04,1.115547425346270598e-02,-2.045796636682658588e-04,9.999377195500838145e-01,1.055456946691831627e-02,9.177012536530337883e-01,-1.497114980155563435e+00,1.059485999461256406e-02,9.259374298094200650e-01,-1.511956562931960235e+00,9.758955818955101363e-03,8.834111827599546718e-01,-1.438109060010573703e+00,9.792832758010806479e-03,8.912308784494671343e-01,-1.452383221231660748e+00
1.067578624113016683e-01,-3.038639750153497143e-03,3.460753444127181999e-01,-2.364591892865706643e-04,1.175822205064844424e-02,-2.789618801521917850e-04,9.999308028466413756e-01,1.009429891623984596e-02,9.266245378771469365e-01,-1.345557468846562799e+00,1.012071059265282069e-02,9.341988319459348933e-01,-1.358915694674515340e+00,9.173028101136562404e-03,8.862328945270180336e-01,-1.278610132088340734e+00,9.193935920081051580e-03,8.932550115717557970e-01,-1.291236658183877672e+00
1.431065012837852146e-01,-2.831060529908113743e-03,3.698803723614591532e-01,-2.959262720100602675e-04,5.820156551007789683e-03,-3.121007310206319369e-04,9.999829702542423204e-01,1.018561210196356273e-02,9.114249407737179398e-01,-1.231742371051199880e+00,8.879475854974092780e-03,9.183641867191401076e-01,-1.243768345556292676e+00,8.837229139322362939e-03,8.677900540474389190e-01,-1.162387969762431084e+00,8.286453063542286931e-03,8.740945073365300466e-01,-1.173600603970315959e+00
1.790995381971809408e-01,-2.623724403291800584e-03,3.897744095363947503e-01,-3.274404577563733024e-04,2.042157461301654167e-03,-3.260763099556544722e-04,9.999978080225425670e-01,1.064682024933640524e-02,8.773354237888025819e-01,-1.148931605921386545e+00,7.123141261888977019e-03,8.836591435934022520e-01,-1.159758337369679149e+00,8.660242271198876143e-03,8.328223412628580347e-01,-1.081533144510334221e+00,7.185008314694597310e-03,8.384697091419278658e-01,-1.091521943988660315e+00
2.147736016227527744e-01,-2.416249528159514909e-03,4.057585031978739321e-01,-3.381110610498915306e-04,1.250778843468276151e-04,-3.261581696770817418e-04,9.999998818286338631e-01,1.129111979484003110e-02,8.287674410886667342e-01,-1.091725328997498190e+00,5.088682690165336094e-03,8.344918193266155360e-01,-1.101467757247359014e+00,8.569540915313452259e-03,7.853114177912395855e-01,-1.029683628544171725e+00,5.976863581506763543e-03,7.903471644879720426e-01,-1.038602084852743301e+00
2.501670942184649471e-01,-2.208194820843928114e-03,4.178053638202992581e-01,-3.329179117372803027e-04,-2.878150247698402805e-04,-3.169452887354586197e-04,9.999998529369188427e-01,1.194136363071476858e-02,7.695029360811140862e-01,-1.055835975776034052e+00,2.990357524869059584e-03,7.746401994124082480e-01,-1.064591905594505450e+00,8.504802768007569541e-03,7.286533106386828829e-01,-1.001750442172061994e+00,4.733873146100357060e-03,7.331109342013901742e-01,-1.009721296034965077e+00
2.853216844260426655e-01,-1.999204913013895909e-03,4.258755946483576693e-01,-3.155068885475055497e-04,4.406660958417522173e-04,-3.021716017639938909e-04,9.999998074805406256e-01,1.244229000819910280e-02,7.028554892107985452e-01,-1.037928578035356653e+00,1.010293136580650650e-03,7.074139258529903440e-01,-1.045779293159584622e+00,8.410876965197183752e-03,6.658046679084251851e-01,-9.937177284412322953e-01,3.518975282497191145e-03,6.697086025837382106e-01,-1.000837196639256188e+00
3.202847549512921610e-01,-1.789071085347590040e-03,4.299279953791376174e-01,-2.888806095784608274e-04,1.963989471648150843e-03,-2.847509868397397090e-04,9.999979891030902346e-01,1.266907168449116217e-02,6.318092838660296362e-01,-1.035498883786379887e+00,-7.057797333051606462e-04,6.357952727737108400e-01,-1.042509748851353946e+00,8.235639252566548732e-03,5.994141885683822446e-01,-1.002486059374475325e+00,2.387800870045525027e-03,6.027829001923344920e-01,-1.008826945202094372e+00
3.551110891340147346e-01,-1.577739622594362227e-03,4.299259758244097229e-01,-2.557691868626063179e-04,3.958091247583864387e-03,-2.668820313079486081e-04,9.999920984036725358e-01,1.253168018040143328e-02,5.591461483203182814e-01,-1.046781928404106443e+00,-2.052231610350309637e-03,5.625662154246128255e-01,-1.053002791834862562e+00,7.931841705596404460e-03,5.319469173131272655e-01,-1.025749782437020308e+00,1.388197741012847522e-03,5.347955895760273526e-01,-1.031363534020808048e+00
3.898636096767014170e-01,-1.365293665869075869e-03,4.258414453319451232e-01,-2.187523623435531472e-04,6.119063271593404990e-03,-2.501852934321253767e-04,9.999812231334151980e-01,1.197795653722143715e-02,4.875666019675378160e-01,-1.070686364076729458e+00,-2.965972384717258364e-03,4.904289658515116890e-01,-1.076151899940211543e+00,7.460332485452155112e-03,4.658062127363104543e-01,-1.061902367161754679e+00,5.575496864679502576e-04,4.681491049302916596e-01,-1.066820382783052690e+00
4.246134814636821075e-01,-1.151925230377963275e-03,4.176569861350119539e-01,-1.803785910149381341e-04,8.156724148532230531e-03,-2.358294125956233382e-04,9.999666892948068098e-01,1.099626542267389921e-02,4.198099671417505618e-01,-1.106751765047550462e+00,-3.427482604707935993e-03,4.221257425688499931e-01,-1.111481564191265425e+00,6.794225254805599454e-03,4.034571432022733273e-01,-1.109966032103768541e+00,-8.066084375368901818e-05,4.053091478868680597e-01,-1.114200226145202421e+00
4.594399850451910128e-01,-9.379073085425251649e-04,4.053667251307252473e-01,-1.433003531855858530e-04,9.786539611040118158e-03,-2.246254672300653453e-04,9.999520751770305527e-01,9.617191220409536737e-03,3.587789607572746120e-01,-1.155126988999382931e+00,-3.460440594453078732e-03,3.605625761289519282e-01,-1.159125202397923715e+00,5.923397567179385440e-03,3.475538111389883111e-01,-1.169543101694776155e+00,-5.203570840871756366e-04,3.489315338682135725e-01,-1.173085694569079518e+00
4.944305353342367537e-01,-7.235624275066591645e-04,3.889760050795245672e-01,-1.101420217273714383e-04,1.072131065527009292e-02,-2.170675510188864032e-04,9.999424954707378799e-01,7.912712778381405035e-03,3.076733718660346617e-01,-1.216568152372978551e+00,-3.130412188663170541e-03,3.089427707396210643e-01,-1.219822859934525772e+00,4.857896331244805459e-03,3.010740308522913411e-01,-1.240787377311430628e+00,-7.765880920491725773e-04,3.019975171759202159e-01,-1.243609973613595709e+00
5.296811496922861906e-01,-5.092285773966073303e-04,3.684996352502423189e-01,-8.329176657476106528e-05,1.066367688001992539e-02,-2.133010491072232753e-04,9.999431151623289216e-01,5.992552281096744787e-03,2.701376150261122766e-01,-1.292455763374163125e+00,-2.541977751251473742e-03,2.709164313941781477e-01,-1.294938008767031246e+00,3.630007729371960163e-03,2.674664504045825009e-01,-1.324394737847190973e+00,-8.879459742933863220e-04,2.679612615142943355e-01,-1.326446876085999094e+00
5.652975306618047702e-01,-2.952384609068073708e-04,3.439580728762805517e-01,-6.498918456904429018e-05,9.300690865364851304e-03,-2.130624601841234742e-04,9.999567228286536658e-01,3.998903116033630453e-03,2.504281613646083815e-01,-1.384831261958574533e+00,-1.833239363841698702e-03,2.507496868143734847e-01,-1.386493427738558326e+00,2.295592715878785883e-03,2.508135809535984584e-01,-1.421612822853034697e+00,-9.167883828810455315e-04,2.509126164369605561e-01,-1.422820024602928335e+00
6.013966650775962597e-01,-8.192368784160442908e-05,3.153702947282783220e-01,-5.757297680093891203e-05,6.302277048038072878e-03,-2.156654192594385029e-04,9.999801155411986997e-01,2.099873199174462444e-03,2.536064955007866217e-01,-1.496453462137221191e+00,-1.167222033941536308e-03,2.535164924845448309e-01,-1.497226868507903985e+00,9.332603500439961685e-04,2.560133683512506031e-01,-1.534270335494136051e+00,-9.481667968034713633e-04,2.557587597663417145e-01,-1.534531047926633196e+00
6.381081860395390049e-01,1.303456947332324765e-04,2.827412617318373345e-01,-6.366101321982054178e-05,1.326159093267066744e-03,-2.199855206298928099e-04,9.999990944274427251e-01,4.803902895117355214e-04,2.857606507465870194e-01,-1.630875997611060280e+00,-7.207086641701684329e-04,2.853185082633393210e-01,-1.630667685628217400e+00,-3.587950220540140202e-04,2.889822511088338541e-01,-1.664826454265202926e+00,-1.088201516335371172e-03,2.884272301947154449e-01,-1.664007703782780512e+00
6.755730622490399018e-01,3.410519415931893622e-04,2.460407422823174539e-01,-8.637352667108647074e-05,-5.967490316504623499e-03,-2.243074992283002251e-04,9.999821654835060469e-01,-6.714499809204190709e-04,3.542576183968784709e-01,-1.792547500339524369e+00,-6.709687627456558919e-04,3.535379212013893824e-01,-1.791236233245095955e+00,-1.464331364262624110e-03,3.568781553842440557e-01,-1.816441582135557509e+00,-1.462939880724140876e-03,3.560889928981222363e-01,-1.814373471726822507e+00
6.982713886215989874e-01,5.576606634391212099e-04,2.224195041289444563e-01,-3.770628118240728667e-04,-1.512626983736593909e-03,-2.691896692900876803e-04,9.999987486593000519e-01,-1.188454749491337512e-03,4.680284898465135734e-01,-1.986949720747714254e+00,-1.185914860613247268e-03,4.671276316393498940e-01,-1.984381438114985796e+00,-2.239265888025722233e-03,4.683386057828975435e-01,-1.993089710011144877e+00,-2.233872774331604073e-03,4.673986540115091515e-01,-1.989558616623706033e+00
7.130841072433362626e-01,6.928070743251611881e-04,2.054962043071356936e-01,-5.936078086720441606e-04,-8.291683705883927911e-04,-2.935366050450124130e-04,9.999994369727636112e-01,-1.639096961173269274e-03,5.475417085966564068e-01,-2.109880505954813579e+00,-1.633351930545088801e-03,5.465975343292387434e-01,-2.106376534348136431e+00,-2.888053328620818726e-03,5.475662358954545006e-01,-2.113460741808689924e+00,-2.877061163381487794e-03,5.466222084567874395e-01,-2.108839302172624386e+00
7.245324898459024610e-01,7.555317796633140943e-04,1.931839378459759005e-01,-6.908662780921498350e-04,-3.474746487186206653e-04,-3.034942206805626552e-04,9.999996549281466862e-01,-2.024710084291324232e-03,6.106247493471154142e-01,-2.197927333424650076e+00,-2.015919987664032721e-03,6.096949531613531370e-01,-2.193875732684158475e+00,-3.404724957666466559e-03,6.105833041480921430e-01,-2.199786920901094067e+00,-3.388602524218339417e-03,6.096831484087134045e-01,-2.194513551120781614e+00
7.332212133099879070e-01,7.752218904946772205e-04,1.849163310825448214e-01,-6.940906312715005308e-04,-1.677849469679344518e-05,-3.010030175075353431e-04,9.999997136768895567e-01,-2.356546018532352030e-03,6.603730426071513504e-01,-2.258003340801347569e+00,-2.345619315132626767e-03,6.594653611229278622e-01,-2.253691881434689126e+00,-3.790412709458431621e-03,6.603480014617076899e-01,-2.258693626892826156e+00,-3.770886563566043428e-03,6.594822938025827197e-01,-2.253116087616788832e+00
7.397284792782938823e-01,7.719791718566384065e-04,1.800774962357802877e-01,-6.338308559314488133e-04,1.922096332062490876e-04,-2.890657661319922904e-04,9.999997388774087836e-01,-2.639162932288132996e-03,6.992789525959632879e-01,-2.295744931502925912e+00,-2.627223345482776647e-03,6.983802693405951612e-01,-2.291372119644883742e+00,-4.054757968326325353e-03,6.992806855612269112e-01,-2.295677952642294350e+00,-4.033925419406337622e-03,6.984178335818156391e-01,-2.290052263089632500e+00
7.445675659667072566e-01,7.577699600875308951e-04,1.780781898073943992e-01,-5.369728964551827993e-04,3.087868833123178967e-04,-2.707359530336644394e-04,9.999997715063803083e-01,-2.873191645567129467e-03,7.293715053814344706e-01,-2.315765181295060593e+00,-2.861227360032921052e-03,7.284663491185305872e-01,-2.311459829234204566e+00,-4.213413244370517799e-03,7.293816152737794267e-01,-2.315243894351565856e+00,-4.193080695228990767e-03,7.284919408971352039e-01,-2.309745647381583389e+00
7.481681547190843773e-01,7.389603273003646396e-04,1.783833160672674556e-01,-4.239127298151618931e-04,3.580700170257226206e-04,-2.485362135047858387e-04,9.999998151567883742e-01,-3.058105045240724559e-03,7.523049955276542855e-01,-2.321830558092073726e+00,-3.046820980959666792e-03,7.513842685291068912e-01,-2.317671291686026258e+00,-4.284364405048654914e-03,7.523023584835308863e-01,-2.321075353346615522e+00,-4.265751797654886504e-03,7.513696506456900570e-01,-2.315815952235412922e+00
7.508767553733214362e-01,7.186460947022008106e-04,1.805219948674438857e-01,-3.088998673298167029e-04,3.606564687543552619e-04,-2.243485807818362799e-04,9.999998620877394995e-01,-3.194101819612998536e-03,7.694328594747545935e-01,-2.317010284080815996e+00,-3.183906031513231930e-03,7.684955829008686123e-01,-2.313040723633011275e+00,-4.285179617686628480e-03,7.694054792048565794e-01,-2.316177753392249627e+00,-4.268908062742937659e-03,7.684285153304617477e-01,-2.311220000215072456e+00
7.529651336326499411e-01,6.981785873951588083e-04,1.840885097278502636e-01,-2.011483936954073083e-04,3.332468498306969578e-04,-1.994873508868293675e-04,9.999999043453242642e-01,-3.282928233251763452e-03,7.818664648036539599e-01,-2.303800126744498300e+00,-3.273986641794213257e-03,7.809178984644877808e-01,-2.300040007486777061e+00,-4.231388868974719428e-03,7.818135704289792542e-01,-2.302995651003622246e+00,-4.217616393561658510e-03,7.808022081503159795e-01,-2.298367346269256650e+00
7.546413123095067066e-01,6.780338014342729815e-04,1.887387111760268910e-01,-1.059607108347935693e-04,2.890775759747644621e-04,-1.748374006887411724e-04,9.999999373191811314e-01,-3.327910762989768918e-03,7.905205845161582534e-01,-2.284224002243521845e+00,-3.320223435573823288e-03,7.895692567086797231e-01,-2.280677357854486775e+00,-4.135969551347190749e-03,7.904494885788723169e-01,-2.283511471639271928e+00,-4.124562939415313788e-03,7.894192895814539090e-01,-2.279216673693345907e+00
7.560606926044767251e-01,6.582556510749158285e-04,1.941843926518537766e-01,-2.569454425519898533e-05,2.381558416744657862e-04,-1.509865522136722305e-04,9.999999599123223781e-01,-3.333560269231721721e-03,7.961484316433341535e-01,-2.259917474513399860e+00,-3.327032174945601575e-03,7.952035758247428809e-01,-2.256578821091255627e+00,-4.009471815298932228e-03,7.960698457441017784e-01,-2.259328173984985533e+00,-4.000152733879305290e-03,7.950375773776966470e-01,-2.255356173733124248e+00
7.573362709489066535e-01,6.387028200899594809e-04,2.001870155973330401e-01,3.930821691620221467e-05,1.875462048112896691e-04,-1.283305245738657497e-04,9.999999734062804402e-01,-3.305037697493914007e-03,7.993691969047027612e-01,-2.232196813619006903e+00,-3.299531128584457830e-03,7.984391134900828968e-01,-2.229055559889828064e+00,-3.860391727375192972e-03,7.992932707475688403e-01,-2.231737860646927807e+00,-3.852835715548881199e-03,7.982740466261482037e-01,-2.228069737930429284e+00
7.585475545998459079e-01,6.191748353765507079e-04,2.065514263924322913e-01,8.996877729075433401e-05,1.417894142479410920e-04,-1.071416586968225465e-04,9.999999801610228722e-01,-3.247690370311125639e-03,8.006902937682558452e-01,-2.202116301707571555e+00,-3.243058235880062062e-03,7.997815994759100988e-01,-2.199159747921869634e+00,-3.695570006143536219e-03,8.006242388174623636e-01,-2.201778288629362645e+00,-3.689462910547588407e-03,7.996301692383728232e-01,-2.198391409706967004e+00
7.597481201217810565e-01,5.994655104224808463e-04,2.131199242600413657e-01,1.279175089790788428e-04,1.034138601111055420e-04,-8.761506126136278411e-05,9.999999826331424924e-01,-3.166670026844179558e-03,8.005259131281678986e-01,-2.170515628738979075e+00,-3.162774285970820949e-03,7.996434131267284862e-01,-2.167730955766158374e+00,-3.520503935862252191e-03,8.004731495309843625e-01,-2.170279063579237722e+00,-3.515568480416401270e-03,7.995130372760288484e-01,-2.167150027983039795e+00
7.609718668397015273e-01,5.794121698734149917e-04,2.197668041124398175e-01,1.550337508594755659e-04,7.346361395517466146e-05,-6.988572708176232307e-05,9.999999828418091319e-01,-3.066738645595788043e-03,7.992126881503550662e-01,-2.138059264823285677e+00,-3.063457967013363814e-03,7.983595710870522444e-01,-2.135434534309848864e+00,-3.339599171602384599e-03,7.991730480283882887e-01,-2.137899568514915583e+00,-3.335602771794811232e-03,7.982526573881554288e-01,-2.135005818809079248e+00
7.622381044337530609e-01,5.589034936974299683e-04,2.263934291688351197e-01,1.732030538423311487e-04,5.198038995795945146e-05,-5.403695343778797854e-05,9.999999821893742480e-01,-2.952129758888445091e-03,7.970230325969512863e-01,-2.105268839934855141e+00,-2.949361522332730190e-03,7.962012138401373118e-01,-2.102793506312613303e+00,-3.156326558490984025e-03,7.969935086185555573e-01,-2.105159904955204553e+00,-3.153080064372724978e-03,7.961161056103595035e-01,-2.102480614561747618e+00
7.635556115984538650e-01,5.378919779643520551e-04,2.329238558751545451e-01,1.841488659580205948e-04,3.838809070047048938e-05,-4.010205207478062783e-05,9.999999815036874073e-01,-2.826539508544247386e-03,7.941764205254648878e-01,-2.072549821806888293e+00,-2.824198580320870337e-03,7.933868810571294006e-01,-2.070214801315622744e+00,-2.973391122670625535e-03,7.941520820247154333e-01,-2.072466350326624518e+00,-2.970743311786035006e-03,7.933190164758461282e-01,-2.069982728249922133e+00
7.649257976769965328e-01,5.163640373276332310e-04,2.393010052634844120e-01,1.893660664014019306e-04,3.176954126380885881e-05,-2.805858008073331021e-05,9.999999811719524345e-01,-2.693139536681755670e-03,7.908488484055318235e-01,-2.040213396749696262e+00,-2.691155890125919350e-03,7.900919467098829196e-01,-2.038010941560990830e+00,-2.792830743948019126e-03,7.908237054938521693e-01,-2.040132308997679722e+00,-2.790661852433682939e-03,7.900349759207556666e-01,-2.037827647592640901e+00
7.663451654488073750e-01,4.943640488413300269e-04,2.454832673069030080e-01,1.901187897189892566e-04,3.107055734228029753e-05,-1.784218213274652996e-05,9.999999812855612236e-01,-2.554583406566523530e-03,7.871807527581512476e-01,-2.008494371288710223e+00,-2.552899656216703339e-03,7.864564636064456105e-01,-2.006417917863648093e+00,-2.616134817727766571e-03,7.871484563826419700e-01,-2.008395516775131728e+00,-2.614350455162492860e-03,7.864031690794666130e-01,-2.006255115151885260e+00
7.678071190455227901e-01,4.719528245494366333e-04,2.514416556313372464e-01,1.874371580981275677e-04,3.520297133548251888e-05,-9.347598866386326640e-06,9.999999817703422167e-01,-2.413067029489421398e-03,7.832835006183130888e-01,-1.977565853517802008e+00,-2.411636035624008939e-03,7.825915895417402401e-01,-1.975609791786789415e+00,-2.444336111071357051e-03,7.832378853705842525e-01,-1.977432347860558659e+00,-2.442861930591280414e-03,7.825346213661795725e-01,-1.975443331570322147e+00
7.693033332619680920e-01,4.492208145896668366e-04,2.571573364469419976e-01,1.821362363327480550e-04,4.313182164081889012e-05,-2.441725070638381149e-06,9.999999824800375192e-01,-2.270384572231896707e-03,7.792448199738548631e-01,-1.947551300268121954e+00,-2.269167383784309773e-03,7.785849388859261699e-01,-1.945710723881574733e+00,-2.278119322410248997e-03,7.791802665039879727e-01,-1.947369530550132843e+00,-2.276896604346517750e-03,7.785173272569161362e-01,-1.945520600803719580e+00
7.708247551620167615e-01,4.262729934908504061e-04,2.626195587163740464e-01,1.748468094266373554e-04,5.392849447551893727e-05,3.033803212953592524e-06,9.999999832555531709e-01,-2.127991284415565836e-03,7.751332488288474876e-01,-1.918534406371412260e+00,-2.126955475657035279e-03,7.745049988437572308e-01,-1.916804881742319999e+00,-2.117886812868227404e-03,7.750448819336077655e-01,-1.918293797017698310e+00,-2.116868990707893809e-03,7.744204745705934867e-01,-1.916574995052936048e+00
7.723622106084671035e-01,4.032222473010396821e-04,2.678239028667311894e-01,1.660756488879320321e-04,6.675751373529745117e-05,7.246834164643660825e-06,9.999999839548980862e-01,-1.987066542269359196e-03,7.710016907084706883e-01,-1.890567100782499121e+00,-1.986185010995184484e-03,7.704046625564558992e-01,-1.888944544586428798e+00,-1.963861032466875881e-03,7.708855221062377305e-01,-1.890259932804783105e+00,-1.963011058385765156e-03,7.702978821783963426e-01,-1.888662468006274686e+00
7.739069285117619046e-01,3.801809564341740292e-04,2.727708410356958213e-01,1.562117603032903905e-04,8.088885925587741682e-05,1.037185841775546868e-05,9.999999844736513488e-01,-1.848550760215360083e-03,7.668904074636144763e-01,-1.863676223027301404e+00,-1.847800712227975518e-03,7.663241933675368767e-01,-1.862156757888079106e+00,-1.816113265949297799e-03,7.667433896930452297e-01,-1.863297370169275213e+00,-1.815401514737808274e-03,7.661908549017327763e-01,-1.861813429964904731e+00
7.754507660115116385e-01,3.572539203967218667e-04,2.774645501849707929e-01,1.455761115887165556e-04,9.570481267445837164e-05,1.257646422083157291e-05,9.999999847450083967e-01,-1.713187866081340022e-03,7.628294816108015519e-01,-1.837868919989901650e+00,-1.712550106451653665e-03,7.622936878852191178e-01,-1.836448839069641847e+00,-1.674630745254998641e-03,7.626494960848247961e-01,-1.837415539421983546e+00,-1.674033457465849174e-03,7.621305499642609949e-01,-1.836038175108589687e+00
7.769864013201684960e-01,3.345371290700805095e-04,2.819119263054684077e-01,1.344352108443007550e-04,1.106805399051805853e-04,1.401841187436962060e-05,9.999999847402379904e-01,-1.581571092264626860e-03,7.588407882380475700e-01,-1.813137165649145954e+00,-1.581029425252612275e-03,7.583350374032814534e-01,-1.811812895848183613e+00,-1.539353342959818129e-03,7.586266167187839526e-01,-1.812608442734485514e+00,-1.538851391148860197e-03,7.581399074283524664e-01,-1.811331456750368440e+00
7.785073698996002323e-01,3.121115566515447444e-04,2.861217856872263487e-01,1.230225198488189419e-04,1.253693619939284971e-04,1.483802465679600147e-05,9.999999844639076985e-01,-1.454158576039609775e-03,7.549396393546886630e-01,-1.789461443520295569e+00,-1.453699344613711836e-03,7.544635758346291965e-01,-1.788229565106763008e+00,-1.410195858810665750e-03,7.546909275821537255e-01,-1.788858383684449382e+00,-1.409773802236725417e-03,7.542352720069427363e-01,-1.787676258664297135e+00
7.800080684024232047e-01,2.900443279390444535e-04,2.901042154939023621e-01,1.115435659852427353e-04,1.393908941004885305e-04,1.515924931169811047e-05,9.999999839492041964e-01,-1.331301255598825971e-03,7.511361491330927898e-01,-1.766813845714634290e+00,-1.330912934354123219e-03,7.506894444544889300e-01,-1.765671106047048688e+00,-1.287058347057690524e-03,7.508533618235800899e-01,-1.766139091258259519e+00,-1.286703674104814656e-03,7.504277443633680100e-01,-1.765046925920687793e+00
7.814837067927387082e-01,2.684002201881101140e-04,2.938700427196257459e-01,1.001690894479811495e-04,1.524198167782309522e-04,1.509270752430986171e-05,9.999999832532814326e-01,-1.213283658481508582e-03,7.474363827660639448e-01,-1.745160718957821544e+00,-1.212956462543368901e-03,7.470187189466701572e-01,-1.744103982912759143e+00,-1.169846692071806757e-03,7.471207551430675275e-01,-1.744418389810326264e+00,-1.169549181525341396e-03,7.467243043992757290e-01,-1.743411788688096431e+00
7.829302164908366057e-01,2.472316713867757018e-04,2.974303994403399432e-01,8.905572442350602545e-05,1.641706506549562596e-04,1.473148764578305261e-05,9.999999824500291901e-01,-1.100323396167181798e-03,7.438432690687449833e-01,-1.724464841643380986e+00,-1.100048999940466104e-03,7.434543409423854943e-01,-1.723491114852073514e+00,-1.058475244825529118e-03,7.434967745718087384e-01,-1.723660435946397618e+00,-1.058226495462891636e-03,7.431287497886895910e-01,-1.722735463251502175e+00
7.843441485569406790e-01,2.265595195397128567e-04,3.007963656462698809e-01,7.837379230413433183e-05,1.743905485497604542e-04,1.414123808232874968e-05,9.999999816227551630e-01,-9.925435048681631456e-04,7.403574103366885595e-01,-1.704687298167538057e+00,-9.923148612762870517e-04,7.399969641239304563e-01,-1.703793882034820406e+00,-9.528589577382998036e-04,7.399827384491620696e-01,-1.703827629130026278e+00,-9.526520550673264710e-04,7.396425353301301353e-01,-1.702980865991200243e+00
7.857225417459496875e-01,2.064208455149096791e-04,3.039786682205606883e-01,6.823931609285925246e-05,1.828406898439128192e-04,1.337945179743394083e-05,9.999999808668339485e-01,-8.900441986827132852e-04,7.369777924427863836e-01,-1.685789330177999146e+00,-8.898552212323412001e-04,7.366455702384953064e-01,-1.684973668225111521e+00,-8.529244608520426384e-04,7.365783438043956854e-01,-1.684882509760754488e+00,-8.527535856389727945e-04,7.362654313244959559e-01,-1.684110869328800719e+00
7.870627950081149349e-01,1.868454936998460508e-04,3.069874182121394290e-01,5.875277706706628125e-05,1.892979318674393335e-04,1.249206385873838930e-05,9.999999802791761372e-01,-7.928837604752687809e-04,7.337024123713294932e-01,-1.667733903026230813e+00,-7.927291459989477870e-04,7.333981518993621940e-01,-1.666993581893926768e+00,-7.585968532422279016e-04,7.332822884912654215e-01,-1.666789316920795905e+00,-7.584570434889064110e-04,7.329961949538761345e-01,-1.666090004706179961e+00
7.883624693575632669e-01,1.678301109667080691e-04,3.098318683846107979e-01,5.003581659615173247e-05,1.935125611778280429e-04,1.150296170297079294e-05,9.999999799584936566e-01,-7.010466434584654207e-04,7.305286616302252289e-01,-1.650487092477625373e+00,-7.009217821019487083e-04,7.302521490253123249e-01,-1.649820011923989638e+00,-6.697929591240809385e-04,7.300927517453940085e-01,-1.649515594313473832e+00,-6.696799650422260997e-04,7.298330874705285520e-01,-1.648886204552979295e+00
7.896192590832592506e-01,1.494064460470484847e-04,3.125202226506599290e-01,4.213938919553585674e-05,1.952865392586182285e-04,1.044289081297037335e-05,9.999999799891925445e-01,-6.145417049232590034e-04,7.274542552365712567e-01,-1.634019941783152685e+00,-6.144424555569807933e-04,7.272052387821233976e-01,-1.633424047875770668e+00,-5.864385155909027612e-04,7.270081303688638030e-01,-1.633033614940270883e+00,-5.863485715407979696e-04,7.267745125015731000e-01,-1.632471885530553779e+00
7.908307331711347254e-01,1.315987158261909887e-04,3.150593947728701494e-01,3.511030665206805817e-05,1.944094749818559996e-04,9.319086925828270492e-06,9.999999804426883410e-01,-5.333305717159016624e-04,7.244774924257962878e-01,-1.618309853032406043e+00,-5.332531998035992555e-04,7.242556706715324033e-01,-1.617783182041560908e+00,-5.084772085115661037e-04,7.240274573872163000e-01,-1.617322129938623343e+00,-5.084069384905390634e-04,7.238194642596981199e-01,-1.616825909241716319e+00
7.919941895511233287e-01,1.144289931806053399e-04,3.174547842569275247e-01,2.898190076459164499e-05,1.906730976047583503e-04,8.150661198978974224e-06,9.999999813686928363e-01,-4.573847722425109018e-04,7.215978632482575872e-01,-1.603342407198506736e+00,-4.573258752648766520e-04,7.214028993113676957e-01,-1.602883037360305574e+00,-4.358320740926267117e-04,7.211509502779496206e-01,-1.602368058384190830e+00,-4.357784228712598736e-04,7.209681535946460551e-01,-1.601935295707989315e+00
7.931065025397157076e-01,9.793748859795771433e-05,3.197100332677084711e-01,2.375385411369122928e-05,1.839000874778499669e-04,6.950806508224976934e-06,9.999999827840990729e-01,-3.866775621394952017e-04,7.188167773113154357e-01,-1.589113398168903402e+00,-3.866340101170618769e-04,7.186482412963836053e-01,-1.588719327461060038e+00,-3.684446652182744517e-04,7.183806829626891988e-01,-1.588168400834520044e+00,-3.684048305013871353e-04,7.182225818750462842e-01,-1.587797004909498266e+00
7.941639221531465731e-01,8.217327270867309504e-05,3.218267384446522605e-01,1.940972373401567326e-05,1.739492599543591023e-04,5.727856788201052787e-06,9.999999846660544423e-01,-3.211883699478193695e-04,7.161382223118900603e-01,-1.575631066134435265e+00,-3.211572855120798818e-04,7.159955585289374813e-01,-1.575300145371843596e+00,-3.062760654438857907e-04,7.157212240510185675e-01,-1.574732435137965236e+00,-3.062474726251998786e-04,7.155872053605994987e-01,-1.574420191495923937e+00
7.951618995128852951e-01,6.723450428271611707e-05,3.238041229251696351e-01,1.587032766618580568e-05,1.607566568345676834e-04,4.507636336385850122e-06,9.999999869425554300e-01,-2.609703774488326229e-04,7.135696932641110157e-01,-1.562918909749329011e+00,-2.609491026862399482e-04,7.134521068071023597e-01,-1.562648516426459633e+00,-2.493166752356899222e-04,7.131804418822114133e-01,-1.562084269366678102e+00,-2.492969501420764329e-04,7.130696933104313517e-01,-1.561828571265612142e+00
7.960948538355524517e-01,5.322227862354658398e-05,3.256386321775975867e-01,1.306371880818149502e-05,1.443691167961821953e-04,3.313444812552221689e-06,9.999999894879592066e-01,-2.061012949112675638e-04,7.111230715746802433e-01,-1.551018712015076906e+00,-2.060874321182898069e-04,7.110295177834771163e-01,-1.550805735525090601e+00,-1.975894714806847026e-04,7.107703020911059211e-01,-1.550265706580919778e+00,-1.975764721848331513e-04,7.106817986370543849e-01,-1.550063532284490453e+00
7.969559332267119878e-01,4.028024984422344236e-05,3.273234490764293514e-01,1.087871973952073410e-05,1.249869705872612500e-04,2.176645425412777763e-06,9.999999921275863901e-01,-1.567376506899371264e-04,7.088158215189478417e-01,-1.539994428448639541e+00,-1.567290819519278657e-04,7.087448997618021052e-01,-1.539835010244834379e+00,-1.511771216879020030e-04,7.085079321049098100e-01,-1.539339867145183893e+00,-1.511689544797146666e-04,7.084403428039336426e-01,-1.539187546731640266e+00
7.977367763792867494e-01,2.859814317711653487e-05,3.288479017201755283e-01,9.169621351365739827e-06,1.030480474832865288e-04,1.138771296875067476e-06,9.999999946478606017e-01,-1.131237755884522615e-04,7.066724319651827013e-01,-1.529936771801673423e+00,-1.131186997784033925e-04,7.066222807169472153e-01,-1.529826045447054916e+00,-1.102260914884844838e-04,7.064168298356361397e-01,-1.529395297224423356e+00,-1.102211424029754121e-04,7.063684293084553367e-01,-1.529288286355251048e+00
7.984272305060544639e-01,1.842325343074113108e-05,3.301967216373715153e-01,7.749383903768536315e-06,7.931732422889048039e-05,2.552312308632732735e-07,9.999999968243219461e-01,-7.563195998061100333e-05,7.047260918969193710e-01,-1.520968772059283936e+00,-7.562893219626286453e-05,7.046942503935400559e-01,-1.520900521329992650e+00,-7.497786164090700436e-05,7.045282831901775733e-01,-1.520551009001610554e+00,-7.497482978277634873e-05,7.044968357149770100e-01,-1.520483593062213368e+00
7.990150031259105612e-01,1.007963527439780211e-05,3.313491109036785787e-01,6.375165225750912416e-06,5.498415641138652219e-05,-3.877077406551585208e-07,9.999999984679747156e-01,-4.481121754754038828e-05,7.030206163988764745e-01,-1.513252488569390763e+00,-4.480918302765154440e-05,7.030038606645609978e-01,-1.513218687280749153e+00,-4.577544618739339644e-05,7.028830083960051489e-01,-1.512962606864565185e+00,-4.577337242061315769e-05,7.028656528074330723e-01,-1.512927542457965346e+00
7.994853434661088887e-01,3.959279591573298706e-06,3.322775781890858759e-01,4.773539284377104049e-06,3.182051295026288966e-05,-6.968781742829255985e-07,9.999999994820912841e-01,-2.136799322564965871e-05,7.016128787277786660e-01,-1.506997034312750561e+00,-2.136630267119410262e-05,7.016070717712992177e-01,-1.506987507157757644e+00,-2.310411983855527559e-05,7.015331785273841714e-01,-1.506829476471126084e+00,-2.310239856961147508e-05,7.015262902954223501e-01,-1.506817675949841284e+00
7.998206465725842262e-01,5.205781323546916787e-07,3.329464456154652696e-01,2.642464065150763488e-06,1.234380431156732186e-05,-5.676883276466654930e-07,9.999999999201627521e-01,-6.196251497469353659e-06,7.005755642555614449e-01,-1.502468343302962861e+00,-6.194619693358668607e-06,7.005755130519044638e-01,-1.502470412764904673e+00,-7.608476506279481259e-06,7.005447580793063844e-01,-1.502403669479255077e+00,-7.606824046686533694e-06,7.005438242985829733e-01,-1.502403885984470389e+00
8.000000003206805266e-01,9.098521053750257354e-14,3.333099469019686345e-01,-3.108524483934196471e-14,3.300668329524910927e-10,-3.449624738231219084e-14,1.000000000000000000e+00,-1.220005260880575728e-09,7.000000001807357153e-01,-1.499999997996764201e+00,1.220000255533402170e-09,7.000000001807459293e-01,-1.499999997996732892e+00,-1.236033741641814378e-09,7.000000001829486118e-01,-1.499999997970447474e+00,1.236124399082360802e-09,7.000000001829218554e-01,-1.499999997970431265e+00
8.000000000000000444e-01,0.000000000000000000e+00,3.333099999999999952e-01,0.000000000000000000e+00,0.000000000000000000e+00,0.000000000000000000e+00,1.000000000000000000e+00,0.000000000000000000e+00,6.999999999999999556e-01,-1.500000000000000000e+00,0.000000000000000000e+00,6.999999999999999556e-01,-1.500000000000000000e+00,0.000000000000000000e+00,6.999999999999999556e-01,-1.500000000000000000e+00,0.000000000000000000e+00,6.999999999999999556e-01,-1.500000000000000000e+00
