0.000551999954,2.999999879e-06,0.310544014,7.40000105e-05,-0.003101000795,7.000001006e-06,0.9999952316,-0.0001669999911,0.7066029906,-1.497166991,-0.0001669999911,0.7066479921,-1.49723804,-0.0001519999787,0.7144780159,-1.513614058,-0.0001519999787,0.7145329714,-1.513705015
0.001491999836,8.999999409e-06,0.3091430068,0.000193000029,-0.008217001334,2.000000131e-05,0.9999662042,-0.0004419999605,0.7179740071,-1.493424058,-0.0004419999605,0.7180950046,-1.493602037,-0.0003949999809,0.738894999,-1.536797047,-0.0003949999809,0.7390429974,-1.537032008
0.002680999693,1.799999882e-05,0.307231009,0.0003079998714,-0.01444499288,3.99999808e-05,0.9998956323,-0.0007169999299,0.7325400114,-1.490288973,-0.0007169999299,0.7327349782,-1.490555048,-0.0006309999153,0.7694119811,-1.566033959,-0.0006309999153,0.7696580291,-1.566398978
0.00400899956,2.799999675e-05,0.304922998,0.0003859999415,-0.02107699215,6.299997767e-05,0.9997777939,-0.0009289999143,0.7490400076,-1.48883605,-0.0009289999143,0.749285996,-1.489128947,-0.0007960000075,0.8029710054,-1.59850502,-0.0007960000075,0.8032979965,-1.598950028
0.005390998442,3.899998774e-05,0.3023230135,0.0004169999738,-0.02759899385,8.89999792e-05,0.9996190071,-0.001055999892,0.7665179968,-1.489724994,-0.001055999892,0.7667850256,-1.489972949,-0.0008669999661,0.8372669816,-1.632094979,-0.0008669999661,0.8376539946,-1.632557988
0.006765999366,5.199999214e-05,0.2995170057,0.000408000109,-0.03366100788,0.0001170000251,0.999433279,-0.001110999845,0.7842779756,-1.493263006,-0.001110999845,0.7845360041,-1.493396044,-0.000858000014,0.8706640005,-1.665318012,-0.000858000014,0.8710929751,-1.665747046
0.008091999218,6.799999392e-05,0.2965799868,0.0003700001689,-0.03904901072,0.0001490000286,0.999237299,-0.001122000045,0.8018320203,-1.499480963,-0.001122000045,0.8020579815,-1.499444962,-0.0007939999923,0.902083993,-1.697201014,-0.0007939999923,0.9025449753,-1.697559953
0.009345998988,8.69999858e-05,0.2935729921,0.0003159998741,-0.04365697503,0.0001829998946,0.9990465045,-0.001118000015,0.8188509345,-1.508213997,-0.001118000015,0.8190299273,-1.507966995,-0.0007030000561,0.9308909774,-1.727172017,-0.0007030000561,0.9313830137,-1.727437019
0.01051299926,0.000109999979,0.2905449867,0.0002560001449,-0.0474550128,0.0002210000384,0.998873353,-0.001119000022,0.8351309896,-1.51917398,-0.001119000022,0.8352540135,-1.518686056,-0.0006060001324,0.9567869902,-1.75494504,-0.0006060001324,0.9573109746,-1.755102038
0.0115879979,0.0001369999372,0.2875320315,0.0001930000726,-0.05046598241,0.0002629998198,0.9987257123,-0.001136999927,0.8505570292,-1.532011867,-0.001136999927,0.8506180048,-1.531255841,-0.0005140001886,0.9797139764,-1.780442953,-0.0005130001809,0.9802730083,-1.780480981
0.01257099863,0.0001689999772,0.2845599949,0.000130000044,-0.05274898931,0.0003089998791,0.9986078143,-0.001176999882,0.8650839925,-1.546368003,-0.001175999874,0.8650739789,-1.545315027,-0.0004310000804,0.9997779727,-1.803722978,-0.0004310000804,1.000375986,-1.803627968
0.01346899942,0.0002059999533,0.28164801,6.600008055e-05,-0.05437901989,0.0003590000561,0.9985203147,-0.001240000012,0.8787119985,-1.56190002,-0.001240000012,0.8786230087,-1.560518026,-0.0003600000637,1.017191052,-1.82492888,-0.0003600000637,1.017830014,-1.824684858
0.01428599935,0.0002489999461,0.2788049877,-9.998722135e-07,-0.05544099212,0.0004139998928,0.9984619617,-0.001328999759,0.8914779425,-1.578302979,-0.001327999751,0.8913009167,-1.576555967,-0.0003010001092,1.03222084,-1.844254851,-0.0003000001307,1.032900929,-1.843839884
0.01503000036,0.0002989999484,0.2760350108,-9.999998838e-07,-0.05544099212,0.000413999951,0.9984619021,-0.001443999936,0.9034420252,-1.595324993,-0.001442999928,0.9031630158,-1.593171954,-0.0002550000499,1.045161963,-1.861919999,-0.0002550000499,1.04587996,-1.861307979
0.01570899785,0.0003579998156,0.2733370066,-7.099998038e-05,-0.05601898208,0.0004739998258,0.998429656,-0.001588999527,0.9146799445,-1.612768888,-0.001586999511,0.9142839313,-1.610160828,-0.0002270000696,1.056308985,-1.878152013,-0.0002260000911,1.057060003,-1.877310038
0.01633000001,0.0004249999474,0.2707050145,-0.0001459999912,-0.05619199201,0.0005379999639,0.9984198809,-0.001765999827,0.9252740145,-1.630486965,-0.001763999928,0.9247429967,-1.627372026,-0.0002180000156,1.065943837,-1.89317596,-0.000217000008,1.066715837,-1.892065048
0.01689999923,0.0005039998214,0.2681309879,-0.0002269999386,-0.05603298545,0.0006069999072,0.998428762,-0.001976999454,0.9353129864,-1.648383021,-0.001973999431,0.934623003,-1.644698977,-0.0002329999697,1.074326038,-1.90720892,-0.0002309999691,1.075104952,-1.905781031
0.01742299832,0.0005939998664,0.2656030059,-0.0003149998956,-0.05560298264,0.0006799997645,0.9984526634,-0.002221999457,0.9448850155,-1.666400909,-0.002216999419,0.9440069795,-1.662076831,-0.0002709999098,1.081689954,-1.920454979,-0.0002689999237,1.082452059,-1.918648839
0.0179050006,0.0006969997776,0.2631100118,-0.0005299999029,-0.05413500965,0.0008370000869,0.9985331893,-0.002496999456,0.9540759325,-1.684519053,-0.002489999635,0.9529730082,-1.67947197,-0.0003309998719,1.088240981,-1.933099985,-0.0003289998858,1.088953972,-1.930845022
0.01835099794,0.0008169995272,0.2606370151,-0.0006679998478,-0.05317803472,0.0009190001874,0.9985844493,-0.002794998931,0.9629679322,-1.702741027,-0.002785998862,0.961593926,-1.696871042,-0.0004099996877,1.094158053,-1.945317984,-0.0004059997154,1.094777942,-1.942520976
0.01876300015,0.0009529997478,0.2581709921,-0.0008400001097,-0.052112028,0.001001000404,0.9986404777,-0.003103999421,0.9716380239,-1.721090913,-0.003091999562,0.9699320197,-1.714279056,-0.0004979998339,1.099594951,-1.957262039,-0.000492999854,1.100064039,-1.953809023
0.01914499886,0.001109999721,0.2557020187,-0.0010589991,-0.05095997453,0.001082999283,0.9986995459,-0.00340999919,0.9801539779,-1.739599943,-0.003393999301,0.9780420065,-1.731704831,-0.0005839998485,1.104683995,-1.969068885,-0.0005769998534,1.104923964,-1.964820981
0.0194989983,0.001288999338,0.2532170415,-0.001058999565,-0.05095997453,0.001082999515,0.9986995459,-0.003693998791,0.9885770082,-1.758304954,-0.003672999097,0.985969007,-1.749158859,-0.0006549996906,1.109536886,-1.980855942,-0.0006459997385,1.109450936,-1.975643992
0.01982799917,0.00149299961,0.2507080138,-0.001693000318,-0.04847002774,0.001236000448,0.9988225102,-0.003938999493,0.9969609976,-1.777238965,-0.003909999505,0.9937459826,-1.766646028,-0.0006979999016,1.114245057,-1.992722988,-0.0006839999696,1.11371398,-1.986341953
0.020132998,0.001725999522,0.2481690049,-0.002141999779,-0.04715801775,0.001304000267,0.9988843203,-0.004123999737,1.00534904,-1.796422839,-0.004086999688,1.001392961,-1.784154892,-0.0007009999827,1.118888974,-2.00474906,-0.000681000005,1.117763996,-1.996956944
0.02041699737,0.00199199887,0.2455970198,-0.002700998681,-0.04581701756,0.001362000243,0.9989453554,-0.004236999433,1.013772011,-1.815863848,-0.004185999744,1.008921027,-1.801659822,-0.0006570001715,1.123532057,-2.0169909,-0.0006290002493,1.121636987,-2.00750494
0.02068099938,0.002295998856,0.2429940104,-0.003383996664,-0.04445499182,0.001407999429,0.9990047216,-0.004267000128,1.022249937,-1.835543871,-0.00419999985,1.016322851,-1.819110036,-0.0005690003745,1.128222942,-2.029480934,-0.0005300003686,1.125349998,-2.0179739
0.02092799917,0.002642999403,0.2403669953,-0.004202997312,-0.04308199137,0.001438999665,0.9990617037,-0.004217000213,1.030791044,-1.855420828,-0.004127999768,1.023579955,-1.836431026,-0.0004520002112,1.13300097,-2.04222703,-0.0003970002581,1.128905058,-2.028325081
0.02115999721,0.003039999399,0.2377260178,-0.005166000687,-0.04170802236,0.001452000695,0.9991154671,-0.004100999795,1.039384842,-1.875419974,-0.003984000534,1.03065598,-1.853512883,-0.0003360002302,1.137887955,-2.055203915,-0.0002580002474,1.132284999,-2.03848505
0.02137899771,0.003494997509,0.2350910157,-0.006273995154,-0.04034102336,0.001442000503,0.9991652966,-0.003950000275,1.048009038,-1.895430923,-0.00379500119,1.037495852,-1.870210886,-0.0002710003755,1.142891049,-2.068355799,-0.0001590005559,1.135455847,-2.048342943
0.0215869993,0.00401799893,0.2324880064,-0.007523999549,-0.03899201006,0.001407000469,0.9992102385,-0.003809000133,1.056617022,-1.915299892,-0.003605000209,1.044021964,-1.886340976,-0.0003249999136,1.148000002,-2.08158803,-0.0001659999834,1.138360023,-2.057749987
0.02178600058,0.004620998632,0.2299520075,-0.008908994496,-0.03766999766,0.00133999961,0.9992496967,-0.003745000111,1.065143943,-1.93483305,-0.003476000391,1.050133944,-1.901669025,-0.0005909995525,1.153180957,-2.094758987,-0.0003639996285,1.140912056,-2.06650281
0.0219810009,0.005316997413,0.2275260091,-0.01041399129,-0.0363840051,0.001239000121,0.9992828965,-0.00384299946,1.073498011,-1.953781843,-0.003488000017,1.055698991,-1.915905952,-0.001181997708,1.158375978,-2.107681036,-0.0008589981589,1.142997026,-2.074347019
0.02217200026,0.006122997031,0.225266993,-0.01202000119,-0.03514202684,0.001099001267,0.9993095398,-0.004205998499,1.081555843,-1.971845031,-0.003737999126,1.060551047,-1.928699851,-0.002233995823,1.163491011,-2.120105982,-0.001774996519,1.144461036,-2.080956936
0.02236299776,0.007057996467,0.2232440114,-0.01370899286,-0.03395300359,0.0009140006732,0.9993289709,-0.004951996729,1.089159012,-1.988657832,-0.004334997851,1.06448102,-1.939625978,-0.003894993803,1.16839695,-2.131716967,-0.003243994433,1.145105958,-2.085928917
0.02255599946,0.00814699661,0.2215410024,-0.01546499878,-0.03282101452,0.0006820011185,0.9993413687,-0.006200995296,1.09610796,-2.003786087,-0.005385996308,1.067227006,-1.948166013,-0.006312990561,1.172910929,-2.142119884,-0.005396991968,1.14467895,-2.088767052
0.02275399864,0.009417993948,0.2202610075,-0.01728999615,-0.03175201267,0.0003970011603,0.9993461967,-0.008048992604,1.102151036,-2.016714096,-0.00697599398,1.068467021,-1.95368886,-0.009612987749,1.176795959,-2.150827885,-0.008330988698,1.142858982,-2.088852882
0.0229589995,0.01090399455,0.2195270061,-0.01921799965,-0.03074502014,5.700132533e-05,0.9993425608,-0.01053399034,1.106979012,-2.026837111,-0.009120992385,1.067795038,-1.955425024,-0.01384598296,1.179744005,-2.157250643,-0.01207198575,1.13924408,-2.0854249
0.0231740009,0.01264499314,0.2194869965,-0.02134299278,-0.02979800478,-0.0003469984804,0.9993280768,-0.01357898768,1.110214829,-2.033443689,-0.01172498986,1.064705014,-1.952421069,-0.01894497871,1.181367993,-2.160675049,-0.01651698351,1.133322954,-2.077538013
0.02339799888,0.01468798518,0.2203179896,-0.02383496985,-0.02890499681,-0.0008209961234,0.9992976189,-0.0169459749,1.111397982,-2.035693884,-0.01452297904,1.058560014,-1.943503141,-0.02467095666,1.18118,-2.160233974,-0.02138796262,1.124452114,-2.064007998
0.02363499999,0.01709298976,0.2222339809,-0.02695399337,-0.02805100754,-0.001380998059,0.9992421269,-0.02019798942,1.10995698,-2.032577991,-0.01705299132,1.04856205,-1.927211046,-0.03058197722,1.178568006,-2.154869318,-0.02619998157,1.111814976,-2.043354034
0.02388099767,0.01993198879,0.2254889905,-0.03105299361,-0.02721001022,-0.00204899814,0.9991452098,-0.0226859916,1.105177164,-2.022858143,-0.01863699406,1.033696175,-1.90172112,-0.03601697832,1.172745943,-2.143254995,-0.03025198542,1.09436214,-2.013696194
0.0241339989,0.02329597622,0.2303949594,-0.03660195321,-0.02633999847,-0.002858992899,0.9989786744,-0.02349699475,1.09613812,-2.004998207,-0.01833600178,1.012653112,-1.864715338,-0.04004796967,1.16268909,-2.123710155,-0.03258198127,1.070721149,-1.972604394
0.02438399754,0.02730398439,0.2373309731,-0.04424297437,-0.02537000924,-0.003851996968,0.9986912012,-0.02132400684,1.081652999,-1.977082133,-0.01484001335,0.9836910963,-1.813131213,-0.0413219966,1.147035956,-2.094063997,-0.03182800114,1.039053082,-1.916832209
0.02461300045,0.03211298212,0.2467679679,-0.05482096225,-0.02420100942,-0.005059995688,0.998190105,-0.01443902589,1.060143113,-1.936620116,-0.006439032033,0.9444381595,-1.742726207,-0.03797701001,1.123974085,-2.051451206,-0.02617102116,0.9968771338,-1.841911197
0.02479799837,0.03793995455,0.2593019009,-0.06899887323,-0.02272900566,-0.006480987649,0.9973367453,-0.001475098892,1.029368281,-1.879938483,0.008156888187,0.8916584253,-1.647432804,-0.02838407457,1.091020226,-1.991799474,-0.01411609165,0.9409194589,-1.741652846
0.02490600012,0.04508797452,0.2757159472,-0.08595094085,-0.0208770074,-0.008060994558,0.9960480332,0.01597193256,0.9856881499,-1.800643206,0.02723192796,0.8208722472,-1.518508434,-0.01382005494,1.044399261,-1.908456326,0.002823935589,0.8667752743,-1.607377648
0.02488899976,0.05395196751,0.2970499098,-0.1045299321,-0.0185540095,-0.009833992459,0.9943000674,0.03589392081,0.9237652421,-1.688851476,0.04864591733,0.7242494226,-1.340768695,0.003753932891,0.9787502289,-1.791418433,0.02246092632,0.7666653395,-1.423942566
0.02468200214,0.06514791399,0.3246097863,-0.1334017664,-0.01560101751,-0.01223497838,0.9908637404,0.07626169175,0.8388646841,-1.534831166,0.08988168836,0.5809471607,-1.073454022,0.04162071273,0.8896436691,-1.631311297,0.06179969758,0.6204051375,-1.151890993
0.02473199926,0.07847994566,0.3583618701,-0.2023818195,-0.01582600549,-0.02063397504,0.9789614081,-0.1037723124,0.8223840594,-1.680558443,-0.06454440951,0.5209512115,-1.274038196,-0.1424442977,0.9868086576,-1.775981426,-0.08338943869,0.712661624,-1.348588228
0.02513400093,0.09161394835,0.387611866,-0.3045684993,-0.01694198884,-0.0268629659,0.9519608021,-0.2158915848,0.7869392037,-1.748017788,-0.0998178646,0.4707712233,-1.414300561,-0.2554825544,1.080205679,-1.82760787,-0.1201988608,0.817299664,-1.479310513
0.02580499463,0.1039319113,0.4122627974,-0.424513191,-0.0172940027,-0.03114897572,0.9047206044,-0.2575876713,0.7514013052,-1.758824825,-0.08572710305,0.4533721507,-1.508674264,-0.2946256995,1.150326371,-1.825634956,-0.1073470935,0.9148802757,-1.562921405
0.02663899399,0.1147939116,0.4329048395,-0.5461713076,-0.01654501073,-0.03406998888,0.8368168473,-0.2557020187,0.7293031812,-1.747508168,-0.06729314476,0.4701898694,-1.569868684,-0.2897360325,1.197646618,-1.807244062,-0.08524616808,0.9983343482,-1.61691165
0.02752799168,0.1239749342,0.450242877,-0.6600123048,-0.01478801854,-0.03602499142,0.7502448559,-0.2320791781,0.7205670476,-1.729862094,-0.0582350716,0.511885643,-1.608058691,-0.2636751831,1.226280928,-1.786572218,-0.06772013754,1.069095492,-1.652363658
0.02837999538,0.1315389723,0.4648389816,-0.7609598637,-0.01226401422,-0.03714700788,0.6476185918,-0.1995821148,0.7205299735,-1.712443948,-0.0576220043,0.568174839,-1.632119894,-0.2284641564,1.241713881,-1.768311024,-0.05582204461,1.133497715,-1.676882863
0.02913499624,0.1377289891,0.4770729542,-0.8461105824,-0.009250010364,-0.03733999282,0.531617403,-0.1655201316,0.7246800065,-1.698079109,-0.06091498956,0.6312627792,-1.648608923,-0.1899951398,1.250118971,-1.7539711,-0.04795902967,1.198637724,-1.695433021
0.02975799888,0.1428949684,0.4871409833,-0.9136422873,-0.005948009901,-0.03638098389,0.4048442841,-0.1341551244,0.7298859358,-1.687929034,-0.06355198473,0.6957597136,-1.661713004,-0.1515881419,1.257698059,-1.743818998,-0.04315101728,1.26969862,-1.710925937
0.03023799881,0.1474289894,0.4950659573,-0.9623310566,-0.002396014053,-0.03403901309,0.2697305679,-0.1078781039,0.7344499826,-1.682299018,-0.06150000915,0.7578787804,-1.673877835,-0.1153491437,1.27014792,-1.737504959,-0.04094300792,1.348814726,-1.724812984
0.03057499789,0.1517109573,0.5007159114,-0.9912456274,0.001537969452,-0.03019502386,0.1285220683,-0.08787614852,0.7378659844,-1.680977941,-0.05139007792,0.8151096106,-1.686508894,-0.08259224892,1.292204738,-1.734243035,-0.04043100402,1.435103297,-1.737643838
0.03078399785,0.1560499519,0.5038279295,-0.99953264,0.006103945896,-0.02494705468,-0.01657833159,-0.07462114841,0.7404599786,-1.683316827,-0.03090523556,0.8662344813,-1.70043087,-0.0542053245,1.326893687,-1.73287499,-0.03935701028,1.525456071,-1.749523878
0.03088499978,0.1606529802,0.5040529966,-0.9863451719,0.01153198071,-0.01868502423,-0.1632214487,-0.06806102395,0.7428939342,-1.688140035,0.0008858787478,0.9111388326,-1.716117859,-0.03085708991,1.374270797,-1.731910944,-0.03342002258,1.615575671,-1.760442019
0.03090300038,0.1655979902,0.5010079741,0.9508954883,-0.01785398275,0.01208102982,0.3087605536,-0.06730701029,0.7455850244,-1.693511009,0.04357283562,0.9501638412,-1.733746052,-0.01267306879,1.429909706,-1.729576945,-0.01630406454,1.700747728,-1.77044785
0.03085000068,0.1708659679,0.4943470359,0.8926916718,-0.02470598742,0.005977026187,0.4499506354,-0.07003498822,0.7480450273,-1.696596026,0.09507379681,0.9829618931,-1.753294826,0.0002929505426,1.484024882,-1.72407496,0.01647487469,1.774291635,-1.779947996
0.03073900007,0.1764019877,0.4837750196,0.8114263415,-0.03126597404,0.001236018259,0.5836164951,-0.06924100965,0.7480450273,-1.693249941,0.1535527706,1.007894874,-1.774276853,0.01192295551,1.521037817,-1.713858962,0.06929879636,1.826387882,-1.789666057
0.03057700209,0.1821899563,0.4690151215,0.7069748044,-0.0362389572,-0.001515978831,0.7063080668,-0.05225912854,0.7418070436,-1.678059101,0.2162055224,1.022151947,-1.795375824,0.02985586412,1.521291971,-1.697346091,0.142905429,1.842392921,-1.800580025
0.03035400249,0.1883029491,0.4497131407,0.5797521472,-0.03814999759,-0.002190995263,0.8138964176,-0.002614378696,0.7259861231,-1.645335197,0.2781615257,1.022281051,-1.813172936,0.06507873535,1.465042353,-1.671739221,0.2301133275,1.802665353,-1.813114882
0.03000800125,0.1948679388,0.4253181815,0.4320460558,-0.03593901172,-0.001366005978,0.9011341929,0.09074928612,0.7008951902,-1.590620399,0.3311725855,1.004146099,-1.819206953,0.1286015064,1.338755965,-1.631001353,0.3120943606,1.685077786,-1.824230909
0.02937300503,0.2020119578,0.3951722383,0.2715121806,-0.02951404639,-0.0001480093342,0.961982429,0.2143700421,0.6719932556,-1.50698173,0.3609727919,0.962305367,-1.794908166,0.2174343318,1.143262506,-1.562555432,0.358376652,1.472121716,-1.81964612
0.02828300744,0.2101199329,0.3589562774,0.1176802516,-0.020235084,-0.0002589993237,0.9928454161,0.3030143082,0.6481481791,-1.373391986,0.3427831233,0.8941255212,-1.707754731,0.284422487,0.9044117928,-1.445129991,0.3393831551,1.171220303,-1.760329366
0.02725600824,0.220595926,0.3171183169,0.00461386377,-0.01307305321,-0.004300968256,0.9998947382,0.2288335711,0.6459779739,-1.16831255,0.2469767481,0.8267524838,-1.526847363,0.2262234539,0.6921645999,-1.257637382,0.2445997298,0.86310637,-1.596108317
0.02732999995,0.2348399013,0.2821002603,-0.02163980529,-0.01397199742,-0.004887996707,0.9996563196,0.2655267417,0.8089777231,-1.480070591,0.2790837586,0.9382301569,-1.73771441,0.2620217204,0.8510137796,-1.559922576,0.275646776,0.9740570784,-1.804828286
0.02708900161,0.2477798909,0.2569971681,-0.0009451577207,-0.01516298763,-0.004435002804,0.9998748302,0.1973625273,0.9050012827,-1.662774682,0.2118635178,1.022146463,-1.894580841,0.1934355199,0.9467642903,-1.740982652,0.2080545127,1.058787227,-1.962024808
0.02669900469,0.2580488622,0.23873429,0.02376461588,-0.01628897712,-0.003799008904,0.9995777011,0.1215201542,0.9690720439,-1.784691215,0.1361941695,1.081091166,-2.004098415,0.1172461659,1.011641026,-1.863504052,0.1320561618,1.119064212,-2.072926283
0.02621600404,0.2658679485,0.2254971117,0.03840389475,-0.01707699895,-0.003220004961,0.9991111755,0.06936239451,1.014735699,-1.872855306,0.08235640824,1.119448662,-2.07643652,0.06493140012,1.057927608,-1.952130318,0.07800340652,1.158474803,-2.146406174
0.02570100315,0.2718509436,0.2161440551,0.04367097467,-0.01765100099,-0.002766004531,0.9988862872,0.03919623047,1.047822714,-1.937838554,0.04980025068,1.142636895,-2.121561527,0.03477423266,1.091508746,-2.017517328,0.04538524896,1.182531714,-2.192648649
0.02519900352,0.276527971,0.2098280638,0.04367101192,-0.01765100285,-0.002766000805,0.9988862276,0.0227681268,1.071414709,-1.984757662,0.03104514256,1.1552459,-2.147268772,0.01843612269,1.115757823,-2.065283775,0.02666214295,1.196090937,-2.219867706
0.02473500371,0.2802609801,0.2058970332,0.04028201103,-0.0188159924,-0.002190001309,0.9990088344,0.01395906787,1.087606907,-2.017009735,0.02024808154,1.160542011,-2.158966064,0.00969706662,1.133005738,-2.099218845,0.01589208283,1.202622056,-2.233767986
0.0243190024,0.2832939625,0.2038400173,0.03616201878,-0.01959798858,-0.00203700061,0.9991517067,0.00914503634,1.097959995,-2.037265062,0.01384104975,1.160737991,-2.160388947,0.004867036827,1.144924045,-2.122163773,0.009434049018,1.204439998,-2.238209724
0.02394800633,0.2857919633,0.2032520175,0.03188607842,-0.02055299468,-0.001948002027,0.9992783666,0.006341042928,1.103682041,-2.047739744,0.009808061644,1.157346129,-2.154174089,0.001954044448,1.152735829,-2.136340857,0.005264063831,1.203091979,-2.235851049
0.02361700498,0.2878699601,0.2038109899,0.02787205204,-0.02167997323,-0.001901999931,0.9993746281,0.004536027554,1.105735898,-2.050299883,0.007076041307,1.151416063,-2.14222312,-2.19698486e-05,1.157374024,-2.143544912,0.002344044391,1.199633956,-2.228575945
0.02332100272,0.289613992,0.2052569836,0.02427202091,-0.02296998352,-0.00187699974,0.9994397759,0.003253009869,1.104902983,-2.046512127,0.005104015116,1.143694162,-2.125935316,-0.001484988839,1.159567952,-2.145241022,0.000187016456,1.194806099,-2.217755079
0.02305300348,0.2910869718,0.2073809803,0.02110301889,-0.0244049821,-0.001855999697,0.9994776845,0.00228800741,1.101817012,-2.037681103,0.003633011132,1.134721994,-2.106372356,-0.002592991572,1.159898043,-2.142637014,-0.00142098777,1.189136028,-2.20440793
0.02280700207,0.2923359871,0.210011974,0.01833002456,-0.02596899308,-0.001826000633,0.9994931221,0.001557005569,1.096991062,-2.0248909,0.002533008344,1.124894142,-2.084357023,-0.003393993946,1.158831,-2.13672328,-0.002578991232,1.182996035,-2.189311266
0.02257700264,0.2934010029,0.2130119801,0.01589801535,-0.0276439786,-0.00178299984,0.9994897842,0.001024004072,1.090841055,-2.009039164,0.001732006087,1.114506125,-2.060553312,-0.00390899647,1.156731963,-2.128304005,-0.003343994264,1.17664516,-2.173057079
0.022358004,0.2943109572,0.2162669599,0.01375903655,-0.02940797992,-0.001722001471,0.9994713068,0.0006650054711,1.083699107,-1.990866184,0.001178008504,1.103775263,-2.035496473,-0.004160996061,1.153888941,-2.118036985,-0.003769993549,1.170261145,-2.156106234
0.02214300446,0.2950919867,0.2196889371,0.01187003031,-0.03123997524,-0.001645001234,0.9994401336,0.0004530032165,1.075830102,-1.970980406,0.0008250054088,1.092865109,-2.009631157,-0.004182999488,1.150520086,-2.10644722,-0.003912998363,1.163958073,-2.138814211
0.02192900144,0.2957639992,0.2232029736,0.01019901503,-0.03311999142,-0.001553000999,0.9993982315,0.0003610007116,1.067443132,-1.94988215,0.0006300014793,1.081898093,-1.983324289,-0.004022001289,1.146791101,-2.09395504,-0.003835000563,1.157804966,-2.121452093
0.02171000093,0.2963429987,0.2267529666,0.008724014275,-0.03502799198,-0.001452001161,0.9993472695,0.0003560000623,1.058699012,-1.927980185,0.0005510006449,1.070963025,-1.956876278,-0.00372800231,1.142820001,-2.080888033,-0.003598001786,1.151834011,-2.104227304
0.02148300223,0.2968429923,0.2302949727,0.007426009513,-0.03694198653,-0.001344000688,0.9992889762,0.0004079995851,1.049724102,-1.905605078,0.0005489999894,1.060123086,-1.930531144,-0.003350002691,1.138687015,-2.067501307,-0.003260002472,1.146053076,-2.087285995
0.02124400251,0.2972759902,0.2337949723,0.006289006677,-0.03884597123,-0.001235000324,0.9992246628,0.0004899993655,1.040609002,-1.88301909,0.000592999626,1.049418092,-1.904481292,-0.002933003241,1.134441972,-2.053981066,-0.002869002987,1.140450001,-2.070728302
0.02098900266,0.2976520061,0.237229988,0.005299007054,-0.04072198272,-0.001127000665,0.9991558194,0.0005839992664,1.031419158,-1.860428214,0.0006569995312,1.038871169,-1.878873229,-0.00251000328,1.130109072,-2.040461302,-0.002465002937,1.134992957,-2.054611921
0.02071500383,0.297977984,0.240585953,0.004444012418,-0.04255296662,-0.001023001387,0.9990838766,0.0006719986559,1.022195101,-1.837988377,0.0007259989507,1.028489113,-1.853809357,-0.002106006024,1.125688076,-2.02702713,-0.002074006014,1.129642963,-2.038960218
0.02041900158,0.2982609868,0.243852973,0.003708005184,-0.04432597384,-0.00092600059,0.9990098476,0.0007489994168,1.01296103,-1.815813184,0.0007869995316,1.018263102,-1.829356194,-0.001737002749,1.121162057,-2.013726234,-0.001715002814,1.124343991,-2.023762941
0.02010000311,0.298507005,0.24702999,0.003079005517,-0.04602599144,-0.0008360008942,0.998935163,0.0008089995245,1.003720164,-1.793977141,0.0008359996136,1.008173943,-1.805547118,-0.001411002595,1.116497159,-2.000566006,-0.001396002481,1.119035006,-2.008984327
0.01975400187,0.2987209857,0.2501199841,0.002542004222,-0.04763998836,-0.0007540006773,0.9988610744,0.0008529996267,0.9944620728,-1.772525191,0.0008729997789,0.9981900454,-1.782389283,-0.001129002078,1.111644983,-1.987528086,-0.00111800211,1.113643169,-1.994562149
0.01937900297,0.2989059687,0.2531289756,0.002086003078,-0.04915397987,-0.0006810004706,0.9987888336,0.0008829997387,0.9851640463,-1.751474142,0.0008979997947,0.988268137,-1.759864092,-0.0008880018722,1.106542945,-1.974565148,-0.0008800018695,1.108086944,-1.980415106
0.01897300221,0.2990680039,0.256066978,0.001697002561,-0.05055497587,-0.0006150003173,0.9987196922,0.0009039998986,0.9757910371,-1.730823159,0.0009149998659,0.9783600569,-1.737938285,-0.0006820015842,1.101113081,-1.961603045,-0.0006770014879,1.102275014,-1.966440082
0.01853400469,0.2992079854,0.258948952,0.001365005155,-0.05182598531,-0.0005570009234,0.9986550808,0.0009199997876,0.966296196,-1.710555315,0.0009269998409,0.9684041142,-1.716569185,-0.0005040027318,1.09526217,-1.948548198,-0.0005010026507,1.096101165,-1.952518225
0.01805900782,0.2993290126,0.2617869675,0.001365000149,-0.05182600766,-0.0005570000503,0.9986551404,0.0009339997778,0.9566240907,-1.69064939,0.0009389998158,0.9583361745,-1.695710301,-0.0003480023879,1.088879108,-1.935285091,-0.0003460023727,1.089446068,-1.938511252
0.0175440032,0.2994329929,0.2645969689,0.001080999617,-0.05294698104,-0.000504999829,0.9985966682,0.000948999892,0.9467120767,-1.671084166,0.0009529998642,0.9480820894,-1.675319195,-0.0002080010599,1.081834078,-1.921679139,-0.0002060010593,1.082171082,-1.924267173
0.01698800363,0.2995240092,0.267396003,0.0008360001375,-0.0538960062,-0.0004590000608,0.9985461235,0.0009659998468,0.9364870787,-1.651850104,0.000967999862,0.9375620484,-1.65536809,-8.000097296e-05,1.073974013,-1.907573104,-7.900096534e-05,1.074118018,-1.909615159
0.01638500579,0.2996020019,0.2701979578,0.0006249999278,-0.05464099348,-0.0004179999523,0.9985058904,0.0009839999257,0.9258730412,-1.632953167,0.0009859998245,0.9266950488,-1.635849118,3.899908916e-05,1.065118074,-1.892797112,3.999908949e-05,1.065103173,-1.894370079
0.01573200524,0.299668014,0.2730169594,0.0004430000554,-0.05514700711,-0.0003820000566,0.9984781146,0.001002999721,0.9147900939,-1.614430189,0.001003999845,0.9153951406,-1.616786242,0.0001489991555,1.055062056,-1.877158165,0.0001489991701,1.054918051,-1.878333092
0.01502301078,0.2997260094,0.275865972,0.0002849999582,-0.05536799133,-0.0003479999723,0.9984658957,0.001019999618,0.9031552076,-1.596356392,0.001019999734,0.9035772085,-1.598243237,0.0002499984694,1.043573141,-1.860452294,0.0002499984694,1.043327093,-1.861289263
0.01425301097,0.2997739911,0.2787519395,3.60017475e-05,-0.05472902209,-0.0002870005264,0.9985013008,0.001030999934,0.8908901811,-1.578849196,0.001030999934,0.8911561966,-1.580330372,0.0003399986308,1.030394197,-1.842461228,0.0003409986093,1.030070186,-1.843015194
0.0134140132,0.2998159826,0.2816809714,-5.799858991e-05,-0.05373103544,-0.000259000517,0.9985554218,0.001033999841,0.8779201508,-1.562081218,0.001033999841,0.8780592084,-1.563213229,0.0004189987667,1.015249252,-1.822962403,0.0004189987958,1.014872193,-1.823282361
0.01250201371,0.2998510003,0.2846519351,-0.0001349988161,-0.05217701942,-0.0002310004202,0.9986379147,0.001028000144,0.8641862273,-1.546280265,0.001028000144,0.8642222285,-1.547115207,0.0004859989858,0.9978582859,-1.801735282,0.0004859989858,0.9974483252,-1.801866293
0.01151001453,0.2998810112,0.2876589596,-0.0001959990623,-0.04998603836,-0.0002040004038,0.9987499714,0.001013000263,0.8496481776,-1.531730294,0.001013000263,0.8496012092,-1.532310247,0.0005409991136,0.9779523015,-1.778580308,0.0005409991136,0.9775282741,-1.778559327
0.01043500844,0.2999059856,0.2906869948,-0.0002429996821,-0.0470800288,-0.0001770002127,0.9988911152,0.0009900000878,0.8342931271,-1.518759131,0.0009900000878,0.8341830969,-1.519123077,0.0005859996309,0.9553101659,-1.753337264,0.0005859996309,0.954886198,-1.753195286
0.009274008684,0.2999269962,0.2937139571,-0.0002799997164,-0.0433960259,-0.0001510001894,0.999057889,0.000964000239,0.8181561232,-1.507718086,0.000964000239,0.8179981112,-1.507899046,0.000624999695,0.9297961593,-1.7259202,0.000624999695,0.9293851852,-1.725685239
0.008034009486,0.2999440134,0.296707958,-0.0003089997626,-0.03890203685,-0.0001250002097,0.999243021,0.0009360002005,0.8013281226,-1.498950958,0.0009360002005,0.8011351228,-1.498978138,0.0006579997716,0.9014242291,-1.696368098,0.0006579997716,0.9010322094,-1.696062088
0.006724010222,0.2999579906,0.2996239662,-0.0003289997403,-0.03361603245,-0.0001010001579,0.9994347692,0.0009030002984,0.7839861512,-1.492743969,0.0009030002984,0.7837711573,-1.492645025,0.000681999838,0.8704342246,-1.664910197,0.000681999838,0.8700692654,-1.664553285
0.005367010366,0.299970001,0.3024069965,-0.0003349999897,-0.02763505094,-7.80001792e-05,0.999618113,0.0008540003328,0.7664231062,-1.489259124,0.0008540003328,0.7662011385,-1.489067078,0.0006859999266,0.8373962641,-1.632059336,0.0006859999266,0.8370662332,-1.631673336
0.00400201045,0.2999790013,0.304984957,-0.0003200001374,-0.0211600475,-5.600017539e-05,0.9997760653,0.0007700006245,0.7490931153,-1.488456011,0.0007690006169,0.7488821149,-1.488212943,0.0006500002928,0.8033292294,-1.598724246,0.0006490002852,0.8030442595,-1.598343253
0.002685009968,0.2999860048,0.3072709739,-0.0002720004704,-0.01453705598,-3.600016498e-05,0.9998943806,0.0006290011224,0.7326671481,-1.49001503,0.0006290011224,0.7324901223,-1.489773989,0.0005510007613,0.7698332667,-1.566352248,0.0005510007613,0.7696112394,-1.56602025
0.001500009093,0.2999919951,0.3091660142,-0.0001890005806,-0.008288044482,-1.900012103e-05,0.9999656677,0.0004240015696,0.7180951238,-1.49325788,0.0004240015696,0.7179751396,-1.493074894,0.0003830012865,0.739226222,-1.537061214,0.0003830012865,0.7390812635,-1.536828279
0.0005570143694,0.2999970019,0.3105529845,-8.500159311e-05,-0.003133079503,-6.000199392e-06,0.9999951124,0.0001870036212,0.7066642046,-1.497096896,0.0001870036212,0.7066111565,-1.497009873,0.0001720032305,0.7146303654,-1.513735414,0.0001720032305,0.7145693302,-1.513629317
8.499145387e-09,0.3000000119,0.3113099933,-1.296999286e-09,-4.780586949e-08,-9.155289027e-11,1,2.853393521e-09,0.7000001073,-1.5,2.853393521e-09,0.7000001073,-1.5,2.624511719e-09,0.7000002265,-1.500000238,2.624511719e-09,0.7000002265,-1.500000238
